fill	x	y	group	xmin	xmax	ymin	ymax
#132B43	10	10	-1	9.5	10.5	9.5	10.5
#132B43	33	18	-1	32.5	33.5	17.5	18.5
#132B43	23	20	-1	22.5	23.5	19.5	20.5
#132B43	36	20	-1	35.5	36.5	19.5	20.5
#132B43	30	21	-1	29.5	30.5	20.5	21.5
#132B43	20	22	-1	19.5	20.5	21.5	22.5
#132B43	25	22	-1	24.5	25.5	21.5	22.5
#132C44	28	22	-1	27.5	28.5	21.5	22.5
#132B43	29	22	-1	28.5	29.5	21.5	22.5
#142D45	27	23	-1	26.5	27.5	22.5	23.5
#132C44	28	23	-1	27.5	28.5	22.5	23.5
#132B43	30	23	-1	29.5	30.5	22.5	23.5
#132B43	31	23	-1	30.5	31.5	22.5	23.5
#132B43	32	23	-1	31.5	32.5	22.5	23.5
#132B43	20	24	-1	19.5	20.5	23.5	24.5
#132B43	27	24	-1	26.5	27.5	23.5	24.5
#132C44	30	24	-1	29.5	30.5	23.5	24.5
#132B43	31	24	-1	30.5	31.5	23.5	24.5
#132B43	35	24	-1	34.5	35.5	23.5	24.5
#132B43	40	24	-1	39.5	40.5	23.5	24.5
#132B43	17	25	-1	16.5	17.5	24.5	25.5
#132B43	20	25	-1	19.5	20.5	24.5	25.5
#132B43	21	25	-1	20.5	21.5	24.5	25.5
#132B43	25	25	-1	24.5	25.5	24.5	25.5
#132B43	26	25	-1	25.5	26.5	24.5	25.5
#142D45	27	25	-1	26.5	27.5	24.5	25.5
#142D45	28	25	-1	27.5	28.5	24.5	25.5
#132C44	29	25	-1	28.5	29.5	24.5	25.5
#132B43	30	25	-1	29.5	30.5	24.5	25.5
#142D46	31	25	-1	30.5	31.5	24.5	25.5
#132C44	32	25	-1	31.5	32.5	24.5	25.5
#132C44	34	25	-1	33.5	34.5	24.5	25.5
#132C44	35	25	-1	34.5	35.5	24.5	25.5
#132B43	38	25	-1	37.5	38.5	24.5	25.5
#132B43	39	25	-1	38.5	39.5	24.5	25.5
#132B43	23	26	-1	22.5	23.5	25.5	26.5
#142D45	24	26	-1	23.5	24.5	25.5	26.5
#132B43	25	26	-1	24.5	25.5	25.5	26.5
#132B43	26	26	-1	25.5	26.5	25.5	26.5
#142D46	27	26	-1	26.5	27.5	25.5	26.5
#132C44	28	26	-1	27.5	28.5	25.5	26.5
#142D45	29	26	-1	28.5	29.5	25.5	26.5
#16314B	30	26	-1	29.5	30.5	25.5	26.5
#142D45	31	26	-1	30.5	31.5	25.5	26.5
#142D45	32	26	-1	31.5	32.5	25.5	26.5
#152E47	33	26	-1	32.5	33.5	25.5	26.5
#132C44	34	26	-1	33.5	34.5	25.5	26.5
#142D45	35	26	-1	34.5	35.5	25.5	26.5
#142D45	36	26	-1	35.5	36.5	25.5	26.5
#132B43	41	26	-1	40.5	41.5	25.5	26.5
#132B43	21	27	-1	20.5	21.5	26.5	27.5
#132B43	23	27	-1	22.5	23.5	26.5	27.5
#132B43	25	27	-1	24.5	25.5	26.5	27.5
#152E47	26	27	-1	25.5	26.5	26.5	27.5
#132C44	27	27	-1	26.5	27.5	26.5	27.5
#152E47	28	27	-1	27.5	28.5	26.5	27.5
#16314B	29	27	-1	28.5	29.5	26.5	27.5
#16314B	30	27	-1	29.5	30.5	26.5	27.5
#152F48	31	27	-1	30.5	31.5	26.5	27.5
#132C44	32	27	-1	31.5	32.5	26.5	27.5
#152F48	33	27	-1	32.5	33.5	26.5	27.5
#142D46	34	27	-1	33.5	34.5	26.5	27.5
#142D46	35	27	-1	34.5	35.5	26.5	27.5
#142D46	37	27	-1	36.5	37.5	26.5	27.5
#132B43	18	28	-1	17.5	18.5	27.5	28.5
#132B43	21	28	-1	20.5	21.5	27.5	28.5
#132B43	22	28	-1	21.5	22.5	27.5	28.5
#142D45	23	28	-1	22.5	23.5	27.5	28.5
#132B43	25	28	-1	24.5	25.5	27.5	28.5
#152F48	26	28	-1	25.5	26.5	27.5	28.5
#142D46	27	28	-1	26.5	27.5	27.5	28.5
#142D46	28	28	-1	27.5	28.5	27.5	28.5
#142D46	29	28	-1	28.5	29.5	27.5	28.5
#16314C	30	28	-1	29.5	30.5	27.5	28.5
#16314B	31	28	-1	30.5	31.5	27.5	28.5
#153049	32	28	-1	31.5	32.5	27.5	28.5
#17344F	33	28	-1	32.5	33.5	27.5	28.5
#142D46	34	28	-1	33.5	34.5	27.5	28.5
#152F48	35	28	-1	34.5	35.5	27.5	28.5
#142D46	36	28	-1	35.5	36.5	27.5	28.5
#132B43	38	28	-1	37.5	38.5	27.5	28.5
#132B43	23	29	-1	22.5	23.5	28.5	29.5
#132C44	24	29	-1	23.5	24.5	28.5	29.5
#142D46	25	29	-1	24.5	25.5	28.5	29.5
#152E47	26	29	-1	25.5	26.5	28.5	29.5
#152E47	27	29	-1	26.5	27.5	28.5	29.5
#193652	28	29	-1	27.5	28.5	28.5	29.5
#17324D	29	29	-1	28.5	29.5	28.5	29.5
#153049	30	29	-1	29.5	30.5	28.5	29.5
#183550	31	29	-1	30.5	31.5	28.5	29.5
#1A3854	32	29	-1	31.5	32.5	28.5	29.5
#16314C	33	29	-1	32.5	33.5	28.5	29.5
#17324D	34	29	-1	33.5	34.5	28.5	29.5
#17334E	35	29	-1	34.5	35.5	28.5	29.5
#132C44	36	29	-1	35.5	36.5	28.5	29.5
#132B43	37	29	-1	36.5	37.5	28.5	29.5
#132C44	38	29	-1	37.5	38.5	28.5	29.5
#132B43	39	29	-1	38.5	39.5	28.5	29.5
#132B43	40	29	-1	39.5	40.5	28.5	29.5
#132B43	20	30	-1	19.5	20.5	29.5	30.5
#132B43	22	30	-1	21.5	22.5	29.5	30.5
#132B43	23	30	-1	22.5	23.5	29.5	30.5
#142D45	24	30	-1	23.5	24.5	29.5	30.5
#152E47	25	30	-1	24.5	25.5	29.5	30.5
#152F48	26	30	-1	25.5	26.5	29.5	30.5
#152F48	27	30	-1	26.5	27.5	29.5	30.5
#193652	28	30	-1	27.5	28.5	29.5	30.5
#17344F	29	30	-1	28.5	29.5	29.5	30.5
#1A3A57	30	30	-1	29.5	30.5	29.5	30.5
#1A3854	31	30	-1	30.5	31.5	29.5	30.5
#183550	32	30	-1	31.5	32.5	29.5	30.5
#193753	33	30	-1	32.5	33.5	29.5	30.5
#17334E	34	30	-1	33.5	34.5	29.5	30.5
#152F48	35	30	-1	34.5	35.5	29.5	30.5
#152F48	36	30	-1	35.5	36.5	29.5	30.5
#142D45	37	30	-1	36.5	37.5	29.5	30.5
#132B43	38	30	-1	37.5	38.5	29.5	30.5
#132C44	39	30	-1	38.5	39.5	29.5	30.5
#132C44	41	30	-1	40.5	41.5	29.5	30.5
#132C44	21	31	-1	20.5	21.5	30.5	31.5
#132C44	23	31	-1	22.5	23.5	30.5	31.5
#142D46	25	31	-1	24.5	25.5	30.5	31.5
#142D45	26	31	-1	25.5	26.5	30.5	31.5
#152E47	27	31	-1	26.5	27.5	30.5	31.5
#152E47	28	31	-1	27.5	28.5	30.5	31.5
#16314C	29	31	-1	28.5	29.5	30.5	31.5
#1A3A57	30	31	-1	29.5	30.5	30.5	31.5
#193652	31	31	-1	30.5	31.5	30.5	31.5
#1B3A58	32	31	-1	31.5	32.5	30.5	31.5
#183550	33	31	-1	32.5	33.5	30.5	31.5
#183550	34	31	-1	33.5	34.5	30.5	31.5
#17334E	35	31	-1	34.5	35.5	30.5	31.5
#152F48	36	31	-1	35.5	36.5	30.5	31.5
#142D46	37	31	-1	36.5	37.5	30.5	31.5
#142D45	38	31	-1	37.5	38.5	30.5	31.5
#132C44	39	31	-1	38.5	39.5	30.5	31.5
#132B43	20	32	-1	19.5	20.5	31.5	32.5
#132B43	22	32	-1	21.5	22.5	31.5	32.5
#132B43	23	32	-1	22.5	23.5	31.5	32.5
#132B43	24	32	-1	23.5	24.5	31.5	32.5
#152F48	26	32	-1	25.5	26.5	31.5	32.5
#152F48	27	32	-1	26.5	27.5	31.5	32.5
#193753	28	32	-1	27.5	28.5	31.5	32.5
#17334E	29	32	-1	28.5	29.5	31.5	32.5
#17344F	30	32	-1	29.5	30.5	31.5	32.5
#17324D	31	32	-1	30.5	31.5	31.5	32.5
#193652	32	32	-1	31.5	32.5	31.5	32.5
#183551	33	32	-1	32.5	33.5	31.5	32.5
#17324D	34	32	-1	33.5	34.5	31.5	32.5
#142D46	35	32	-1	34.5	35.5	31.5	32.5
#132C44	36	32	-1	35.5	36.5	31.5	32.5
#142D46	37	32	-1	36.5	37.5	31.5	32.5
#132B43	38	32	-1	37.5	38.5	31.5	32.5
#132C44	39	32	-1	38.5	39.5	31.5	32.5
#132B43	24	33	-1	23.5	24.5	32.5	33.5
#142D45	25	33	-1	24.5	25.5	32.5	33.5
#142D45	26	33	-1	25.5	26.5	32.5	33.5
#142D46	27	33	-1	26.5	27.5	32.5	33.5
#152E47	28	33	-1	27.5	28.5	32.5	33.5
#153049	29	33	-1	28.5	29.5	32.5	33.5
#16314C	30	33	-1	29.5	30.5	32.5	33.5
#183550	31	33	-1	30.5	31.5	32.5	33.5
#16314B	32	33	-1	31.5	32.5	32.5	33.5
#142D46	33	33	-1	32.5	33.5	32.5	33.5
#152E47	34	33	-1	33.5	34.5	32.5	33.5
#142D46	35	33	-1	34.5	35.5	32.5	33.5
#152F48	36	33	-1	35.5	36.5	32.5	33.5
#132B43	37	33	-1	36.5	37.5	32.5	33.5
#132B43	39	33	-1	38.5	39.5	32.5	33.5
#132C44	23	34	-1	22.5	23.5	33.5	34.5
#132B43	24	34	-1	23.5	24.5	33.5	34.5
#142D45	26	34	-1	25.5	26.5	33.5	34.5
#142D45	27	34	-1	26.5	27.5	33.5	34.5
#142D46	28	34	-1	27.5	28.5	33.5	34.5
#142D45	29	34	-1	28.5	29.5	33.5	34.5
#16314C	30	34	-1	29.5	30.5	33.5	34.5
#16314B	31	34	-1	30.5	31.5	33.5	34.5
#152F48	32	34	-1	31.5	32.5	33.5	34.5
#16314B	33	34	-1	32.5	33.5	33.5	34.5
#142D45	34	34	-1	33.5	34.5	33.5	34.5
#142D45	35	34	-1	34.5	35.5	33.5	34.5
#142D46	36	34	-1	35.5	36.5	33.5	34.5
#142D45	37	34	-1	36.5	37.5	33.5	34.5
#132B43	38	34	-1	37.5	38.5	33.5	34.5
#132B43	41	34	-1	40.5	41.5	33.5	34.5
#132B43	23	35	-1	22.5	23.5	34.5	35.5
#132C44	25	35	-1	24.5	25.5	34.5	35.5
#132C44	26	35	-1	25.5	26.5	34.5	35.5
#142D46	28	35	-1	27.5	28.5	34.5	35.5
#142D45	29	35	-1	28.5	29.5	34.5	35.5
#132C44	30	35	-1	29.5	30.5	34.5	35.5
#142D46	31	35	-1	30.5	31.5	34.5	35.5
#142D46	32	35	-1	31.5	32.5	34.5	35.5
#142D46	33	35	-1	32.5	33.5	34.5	35.5
#132C44	35	35	-1	34.5	35.5	34.5	35.5
#132B43	36	35	-1	35.5	36.5	34.5	35.5
#142D45	37	35	-1	36.5	37.5	34.5	35.5
#132C44	38	35	-1	37.5	38.5	34.5	35.5
#132B43	39	35	-1	38.5	39.5	34.5	35.5
#132B43	40	35	-1	39.5	40.5	34.5	35.5
#132B43	20	36	-1	19.5	20.5	35.5	36.5
#132B43	26	36	-1	25.5	26.5	35.5	36.5
#142D46	29	36	-1	28.5	29.5	35.5	36.5
#132C44	30	36	-1	29.5	30.5	35.5	36.5
#152E47	31	36	-1	30.5	31.5	35.5	36.5
#142D46	32	36	-1	31.5	32.5	35.5	36.5
#132C44	33	36	-1	32.5	33.5	35.5	36.5
#132C44	34	36	-1	33.5	34.5	35.5	36.5
#142D45	35	36	-1	34.5	35.5	35.5	36.5
#142D45	36	36	-1	35.5	36.5	35.5	36.5
#142D45	38	36	-1	37.5	38.5	35.5	36.5
#132B43	43	36	-1	42.5	43.5	35.5	36.5
#132B43	24	37	-1	23.5	24.5	36.5	37.5
#132B43	30	37	-1	29.5	30.5	36.5	37.5
#132C44	31	37	-1	30.5	31.5	36.5	37.5
#132C44	32	37	-1	31.5	32.5	36.5	37.5
#142D45	33	37	-1	32.5	33.5	36.5	37.5
#132B43	35	37	-1	34.5	35.5	36.5	37.5
#142D45	36	37	-1	35.5	36.5	36.5	37.5
#132C44	40	37	-1	39.5	40.5	36.5	37.5
#132B43	27	38	-1	26.5	27.5	37.5	38.5
#132C44	30	38	-1	29.5	30.5	37.5	38.5
#132B43	33	38	-1	32.5	33.5	37.5	38.5
#132B43	34	38	-1	33.5	34.5	37.5	38.5
#132B43	35	38	-1	34.5	35.5	37.5	38.5
#132B43	21	39	-1	20.5	21.5	38.5	39.5
#132C44	28	39	-1	27.5	28.5	38.5	39.5
#132B43	30	39	-1	29.5	30.5	38.5	39.5
#132B43	33	40	-1	32.5	33.5	39.5	40.5
#132B43	42	40	-1	41.5	42.5	39.5	40.5
#132B43	42	46	-1	41.5	42.5	45.5	46.5
#132B43	50	50	-1	49.5	50.5	49.5	50.5
#132B43	29	11	-1	28.5	29.5	10.5	11.5
#132B43	35	16	-1	34.5	35.5	15.5	16.5
#132B43	30	20	-1	29.5	30.5	19.5	20.5
#132B43	34	20	-1	33.5	34.5	19.5	20.5
#132B43	28	21	-1	27.5	28.5	20.5	21.5
#132B43	34	21	-1	33.5	34.5	20.5	21.5
#132B43	23	22	-1	22.5	23.5	21.5	22.5
#132B43	28	22	-1	27.5	28.5	21.5	22.5
#132B43	34	22	-1	33.5	34.5	21.5	22.5
#132B43	29	23	-1	28.5	29.5	22.5	23.5
#132B43	31	23	-1	30.5	31.5	22.5	23.5
#132C44	32	23	-1	31.5	32.5	22.5	23.5
#132B43	33	23	-1	32.5	33.5	22.5	23.5
#132B43	24	24	-1	23.5	24.5	23.5	24.5
#132B43	28	24	-1	27.5	28.5	23.5	24.5
#132B43	30	24	-1	29.5	30.5	23.5	24.5
#132C44	31	24	-1	30.5	31.5	23.5	24.5
#132C44	32	24	-1	31.5	32.5	23.5	24.5
#142D45	34	24	-1	33.5	34.5	23.5	24.5
#132B43	40	24	-1	39.5	40.5	23.5	24.5
#132B43	24	25	-1	23.5	24.5	24.5	25.5
#132C44	26	25	-1	25.5	26.5	24.5	25.5
#132B43	27	25	-1	26.5	27.5	24.5	25.5
#142D45	29	25	-1	28.5	29.5	24.5	25.5
#142D45	31	25	-1	30.5	31.5	24.5	25.5
#132B43	32	25	-1	31.5	32.5	24.5	25.5
#132B43	33	25	-1	32.5	33.5	24.5	25.5
#142D46	34	25	-1	33.5	34.5	24.5	25.5
#132B43	40	25	-1	39.5	40.5	24.5	25.5
#132B43	22	26	-1	21.5	22.5	25.5	26.5
#132C44	24	26	-1	23.5	24.5	25.5	26.5
#132B43	26	26	-1	25.5	26.5	25.5	26.5
#152E47	28	26	-1	27.5	28.5	25.5	26.5
#142D46	29	26	-1	28.5	29.5	25.5	26.5
#132C44	30	26	-1	29.5	30.5	25.5	26.5
#142D45	31	26	-1	30.5	31.5	25.5	26.5
#142D46	32	26	-1	31.5	32.5	25.5	26.5
#142D46	33	26	-1	32.5	33.5	25.5	26.5
#132C44	34	26	-1	33.5	34.5	25.5	26.5
#142D46	35	26	-1	34.5	35.5	25.5	26.5
#132B43	36	26	-1	35.5	36.5	25.5	26.5
#132B43	38	26	-1	37.5	38.5	25.5	26.5
#132B43	39	26	-1	38.5	39.5	25.5	26.5
#132B43	41	26	-1	40.5	41.5	25.5	26.5
#132B43	20	27	-1	19.5	20.5	26.5	27.5
#132C44	25	27	-1	24.5	25.5	26.5	27.5
#142D45	26	27	-1	25.5	26.5	26.5	27.5
#142D46	27	27	-1	26.5	27.5	26.5	27.5
#16314C	28	27	-1	27.5	28.5	26.5	27.5
#153049	29	27	-1	28.5	29.5	26.5	27.5
#132B43	30	27	-1	29.5	30.5	26.5	27.5
#132C44	31	27	-1	30.5	31.5	26.5	27.5
#152F48	32	27	-1	31.5	32.5	26.5	27.5
#17324D	33	27	-1	32.5	33.5	26.5	27.5
#142D46	34	27	-1	33.5	34.5	26.5	27.5
#16314B	35	27	-1	34.5	35.5	26.5	27.5
#132C44	37	27	-1	36.5	37.5	26.5	27.5
#132B43	39	27	-1	38.5	39.5	26.5	27.5
#132C44	40	27	-1	39.5	40.5	26.5	27.5
#142D45	24	28	-1	23.5	24.5	27.5	28.5
#132C44	25	28	-1	24.5	25.5	27.5	28.5
#132C44	26	28	-1	25.5	26.5	27.5	28.5
#152F48	27	28	-1	26.5	27.5	27.5	28.5
#152F48	28	28	-1	27.5	28.5	27.5	28.5
#152F48	29	28	-1	28.5	29.5	27.5	28.5
#17324D	30	28	-1	29.5	30.5	27.5	28.5
#152F48	31	28	-1	30.5	31.5	27.5	28.5
#16314C	32	28	-1	31.5	32.5	27.5	28.5
#183551	33	28	-1	32.5	33.5	27.5	28.5
#142D46	34	28	-1	33.5	34.5	27.5	28.5
#153049	35	28	-1	34.5	35.5	27.5	28.5
#132C44	36	28	-1	35.5	36.5	27.5	28.5
#132B43	37	28	-1	36.5	37.5	27.5	28.5
#132B43	38	28	-1	37.5	38.5	27.5	28.5
#132C44	22	29	-1	21.5	22.5	28.5	29.5
#142D45	23	29	-1	22.5	23.5	28.5	29.5
#153049	25	29	-1	24.5	25.5	28.5	29.5
#132B43	26	29	-1	25.5	26.5	28.5	29.5
#152E47	27	29	-1	26.5	27.5	28.5	29.5
#183550	28	29	-1	27.5	28.5	28.5	29.5
#153049	29	29	-1	28.5	29.5	28.5	29.5
#183550	30	29	-1	29.5	30.5	28.5	29.5
#183550	31	29	-1	30.5	31.5	28.5	29.5
#193652	32	29	-1	31.5	32.5	28.5	29.5
#152F48	33	29	-1	32.5	33.5	28.5	29.5
#153049	34	29	-1	33.5	34.5	28.5	29.5
#153049	35	29	-1	34.5	35.5	28.5	29.5
#142D45	36	29	-1	35.5	36.5	28.5	29.5
#152F48	37	29	-1	36.5	37.5	28.5	29.5
#132B43	23	30	-1	22.5	23.5	29.5	30.5
#142D45	25	30	-1	24.5	25.5	29.5	30.5
#152E47	26	30	-1	25.5	26.5	29.5	30.5
#142D46	27	30	-1	26.5	27.5	29.5	30.5
#17324D	28	30	-1	27.5	28.5	29.5	30.5
#183550	29	30	-1	28.5	29.5	29.5	30.5
#193652	30	30	-1	29.5	30.5	29.5	30.5
#193652	31	30	-1	30.5	31.5	29.5	30.5
#1C3D5B	32	30	-1	31.5	32.5	29.5	30.5
#1A3854	33	30	-1	32.5	33.5	29.5	30.5
#16314B	34	30	-1	33.5	34.5	29.5	30.5
#152E47	35	30	-1	34.5	35.5	29.5	30.5
#142D46	36	30	-1	35.5	36.5	29.5	30.5
#152E47	37	30	-1	36.5	37.5	29.5	30.5
#132C44	38	30	-1	37.5	38.5	29.5	30.5
#132C44	40	30	-1	39.5	40.5	29.5	30.5
#132B43	43	30	-1	42.5	43.5	29.5	30.5
#132B43	21	31	-1	20.5	21.5	30.5	31.5
#132B43	22	31	-1	21.5	22.5	30.5	31.5
#142D45	25	31	-1	24.5	25.5	30.5	31.5
#142D45	26	31	-1	25.5	26.5	30.5	31.5
#142D46	27	31	-1	26.5	27.5	30.5	31.5
#152F48	28	31	-1	27.5	28.5	30.5	31.5
#183551	29	31	-1	28.5	29.5	30.5	31.5
#183551	30	31	-1	29.5	30.5	30.5	31.5
#152F48	31	31	-1	30.5	31.5	30.5	31.5
#16314B	32	31	-1	31.5	32.5	30.5	31.5
#193753	33	31	-1	32.5	33.5	30.5	31.5
#153049	34	31	-1	33.5	34.5	30.5	31.5
#17334E	35	31	-1	34.5	35.5	30.5	31.5
#153049	36	31	-1	35.5	36.5	30.5	31.5
#142D45	37	31	-1	36.5	37.5	30.5	31.5
#132B43	38	31	-1	37.5	38.5	30.5	31.5
#132B43	39	31	-1	38.5	39.5	30.5	31.5
#132B43	41	31	-1	40.5	41.5	30.5	31.5
#132B43	25	32	-1	24.5	25.5	31.5	32.5
#16314B	26	32	-1	25.5	26.5	31.5	32.5
#142D46	27	32	-1	26.5	27.5	31.5	32.5
#152F48	28	32	-1	27.5	28.5	31.5	32.5
#16314B	29	32	-1	28.5	29.5	31.5	32.5
#193753	30	32	-1	29.5	30.5	31.5	32.5
#183550	31	32	-1	30.5	31.5	31.5	32.5
#183551	32	32	-1	31.5	32.5	31.5	32.5
#17344F	33	32	-1	32.5	33.5	31.5	32.5
#17334E	34	32	-1	33.5	34.5	31.5	32.5
#17324D	35	32	-1	34.5	35.5	31.5	32.5
#132C44	36	32	-1	35.5	36.5	31.5	32.5
#152E47	37	32	-1	36.5	37.5	31.5	32.5
#142D45	38	32	-1	37.5	38.5	31.5	32.5
#132C44	39	32	-1	38.5	39.5	31.5	32.5
#132B43	40	32	-1	39.5	40.5	31.5	32.5
#132B43	21	33	-1	20.5	21.5	32.5	33.5
#132B43	23	33	-1	22.5	23.5	32.5	33.5
#132B43	25	33	-1	24.5	25.5	32.5	33.5
#132C44	26	33	-1	25.5	26.5	32.5	33.5
#142D45	27	33	-1	26.5	27.5	32.5	33.5
#152F48	28	33	-1	27.5	28.5	32.5	33.5
#152E47	29	33	-1	28.5	29.5	32.5	33.5
#17324D	30	33	-1	29.5	30.5	32.5	33.5
#17324D	31	33	-1	30.5	31.5	32.5	33.5
#152F48	32	33	-1	31.5	32.5	32.5	33.5
#17334E	33	33	-1	32.5	33.5	32.5	33.5
#1A3854	34	33	-1	33.5	34.5	32.5	33.5
#16314B	35	33	-1	34.5	35.5	32.5	33.5
#142D45	36	33	-1	35.5	36.5	32.5	33.5
#142D46	37	33	-1	36.5	37.5	32.5	33.5
#132C44	38	33	-1	37.5	38.5	32.5	33.5
#132C44	39	33	-1	38.5	39.5	32.5	33.5
#132B43	21	34	-1	20.5	21.5	33.5	34.5
#132B43	24	34	-1	23.5	24.5	33.5	34.5
#132C44	25	34	-1	24.5	25.5	33.5	34.5
#142D45	27	34	-1	26.5	27.5	33.5	34.5
#132C44	28	34	-1	27.5	28.5	33.5	34.5
#16314B	29	34	-1	28.5	29.5	33.5	34.5
#153049	30	34	-1	29.5	30.5	33.5	34.5
#152E47	31	34	-1	30.5	31.5	33.5	34.5
#152E47	32	34	-1	31.5	32.5	33.5	34.5
#16314B	33	34	-1	32.5	33.5	33.5	34.5
#153049	34	34	-1	33.5	34.5	33.5	34.5
#132C44	35	34	-1	34.5	35.5	33.5	34.5
#132C44	36	34	-1	35.5	36.5	33.5	34.5
#142D45	38	34	-1	37.5	38.5	33.5	34.5
#132C44	39	34	-1	38.5	39.5	33.5	34.5
#132C44	27	35	-1	26.5	27.5	34.5	35.5
#132C44	28	35	-1	27.5	28.5	34.5	35.5
#142D46	29	35	-1	28.5	29.5	34.5	35.5
#142D45	30	35	-1	29.5	30.5	34.5	35.5
#132B43	31	35	-1	30.5	31.5	34.5	35.5
#132B43	32	35	-1	31.5	32.5	34.5	35.5
#132C44	33	35	-1	32.5	33.5	34.5	35.5
#142D46	34	35	-1	33.5	34.5	34.5	35.5
#132C44	35	35	-1	34.5	35.5	34.5	35.5
#152F48	36	35	-1	35.5	36.5	34.5	35.5
#132B43	37	35	-1	36.5	37.5	34.5	35.5
#132B43	41	35	-1	40.5	41.5	34.5	35.5
#132C44	27	36	-1	26.5	27.5	35.5	36.5
#132B43	28	36	-1	27.5	28.5	35.5	36.5
#132B43	29	36	-1	28.5	29.5	35.5	36.5
#142D45	30	36	-1	29.5	30.5	35.5	36.5
#132C44	32	36	-1	31.5	32.5	35.5	36.5
#132C44	33	36	-1	32.5	33.5	35.5	36.5
#142D45	34	36	-1	33.5	34.5	35.5	36.5
#142D46	35	36	-1	34.5	35.5	35.5	36.5
#132B43	37	36	-1	36.5	37.5	35.5	36.5
#132B43	25	37	-1	24.5	25.5	36.5	37.5
#132C44	27	37	-1	26.5	27.5	36.5	37.5
#132B43	28	37	-1	27.5	28.5	36.5	37.5
#132B43	32	37	-1	31.5	32.5	36.5	37.5
#152F48	33	37	-1	32.5	33.5	36.5	37.5
#132B43	35	37	-1	34.5	35.5	36.5	37.5
#132C44	36	37	-1	35.5	36.5	36.5	37.5
#132C44	37	37	-1	36.5	37.5	36.5	37.5
#132C44	29	38	-1	28.5	29.5	37.5	38.5
#132C44	32	38	-1	31.5	32.5	37.5	38.5
#132C44	33	38	-1	32.5	33.5	37.5	38.5
#132B43	36	38	-1	35.5	36.5	37.5	38.5
#132C44	29	39	-1	28.5	29.5	38.5	39.5
#132B43	31	39	-1	30.5	31.5	38.5	39.5
#132B43	33	39	-1	32.5	33.5	38.5	39.5
#142D45	35	39	-1	34.5	35.5	38.5	39.5
#132B43	36	39	-1	35.5	36.5	38.5	39.5
#132B43	30	40	-1	29.5	30.5	39.5	40.5
#132B43	31	40	-1	30.5	31.5	39.5	40.5
#132B43	33	40	-1	32.5	33.5	39.5	40.5
#132B43	31	41	-1	30.5	31.5	40.5	41.5
#132B43	34	41	-1	33.5	34.5	40.5	41.5
#132B43	35	41	-1	34.5	35.5	40.5	41.5
#132B43	42	41	-1	41.5	42.5	40.5	41.5
#132B43	31	42	-1	30.5	31.5	41.5	42.5
#132B43	30	43	-1	29.5	30.5	42.5	43.5
#132B43	37	43	-1	36.5	37.5	42.5	43.5
#132B43	42	43	-1	41.5	42.5	42.5	43.5
#132B43	41	45	-1	40.5	41.5	44.5	45.5
#132B43	25	19	-1	24.5	25.5	18.5	19.5
#132B43	20	20	-1	19.5	20.5	19.5	20.5
#132B43	30	20	-1	29.5	30.5	19.5	20.5
#132B43	20	21	-1	19.5	20.5	20.5	21.5
#132B43	26	21	-1	25.5	26.5	20.5	21.5
#132B43	33	21	-1	32.5	33.5	20.5	21.5
#132B43	25	22	-1	24.5	25.5	21.5	22.5
#132B43	28	22	-1	27.5	28.5	21.5	22.5
#132B43	29	22	-1	28.5	29.5	21.5	22.5
#132B43	30	22	-1	29.5	30.5	21.5	22.5
#132C44	31	22	-1	30.5	31.5	21.5	22.5
#132B43	32	22	-1	31.5	32.5	21.5	22.5
#132B43	33	22	-1	32.5	33.5	21.5	22.5
#132B43	34	22	-1	33.5	34.5	21.5	22.5
#132B43	35	22	-1	34.5	35.5	21.5	22.5
#132B43	36	22	-1	35.5	36.5	21.5	22.5
#132C44	38	22	-1	37.5	38.5	21.5	22.5
#132B43	23	23	-1	22.5	23.5	22.5	23.5
#132B43	25	23	-1	24.5	25.5	22.5	23.5
#132C44	26	23	-1	25.5	26.5	22.5	23.5
#132C44	27	23	-1	26.5	27.5	22.5	23.5
#132C44	28	23	-1	27.5	28.5	22.5	23.5
#132B43	29	23	-1	28.5	29.5	22.5	23.5
#132B43	31	23	-1	30.5	31.5	22.5	23.5
#132C44	32	23	-1	31.5	32.5	22.5	23.5
#132B43	33	23	-1	32.5	33.5	22.5	23.5
#132B43	34	23	-1	33.5	34.5	22.5	23.5
#132C44	35	23	-1	34.5	35.5	22.5	23.5
#132B43	36	23	-1	35.5	36.5	22.5	23.5
#132B43	37	23	-1	36.5	37.5	22.5	23.5
#132B43	38	23	-1	37.5	38.5	22.5	23.5
#132B43	24	24	-1	23.5	24.5	23.5	24.5
#142D46	28	24	-1	27.5	28.5	23.5	24.5
#132B43	30	24	-1	29.5	30.5	23.5	24.5
#132C44	31	24	-1	30.5	31.5	23.5	24.5
#142D45	32	24	-1	31.5	32.5	23.5	24.5
#142D46	33	24	-1	32.5	33.5	23.5	24.5
#142D45	34	24	-1	33.5	34.5	23.5	24.5
#132C44	35	24	-1	34.5	35.5	23.5	24.5
#132B43	36	24	-1	35.5	36.5	23.5	24.5
#132C44	37	24	-1	36.5	37.5	23.5	24.5
#132B43	39	24	-1	38.5	39.5	23.5	24.5
#132B43	41	24	-1	40.5	41.5	23.5	24.5
#132B43	24	25	-1	23.5	24.5	24.5	25.5
#132B43	25	25	-1	24.5	25.5	24.5	25.5
#142D45	26	25	-1	25.5	26.5	24.5	25.5
#132B43	27	25	-1	26.5	27.5	24.5	25.5
#132C44	28	25	-1	27.5	28.5	24.5	25.5
#142D45	29	25	-1	28.5	29.5	24.5	25.5
#132B43	30	25	-1	29.5	30.5	24.5	25.5
#153049	31	25	-1	30.5	31.5	24.5	25.5
#132C44	32	25	-1	31.5	32.5	24.5	25.5
#142D46	33	25	-1	32.5	33.5	24.5	25.5
#142D45	34	25	-1	33.5	34.5	24.5	25.5
#142D45	35	25	-1	34.5	35.5	24.5	25.5
#132C44	36	25	-1	35.5	36.5	24.5	25.5
#132B43	37	25	-1	36.5	37.5	24.5	25.5
#132B43	39	25	-1	38.5	39.5	24.5	25.5
#132B43	41	25	-1	40.5	41.5	24.5	25.5
#132C44	19	26	-1	18.5	19.5	25.5	26.5
#132B43	22	26	-1	21.5	22.5	25.5	26.5
#142D45	24	26	-1	23.5	24.5	25.5	26.5
#132B43	25	26	-1	24.5	25.5	25.5	26.5
#142D45	26	26	-1	25.5	26.5	25.5	26.5
#142D46	27	26	-1	26.5	27.5	25.5	26.5
#153049	28	26	-1	27.5	28.5	25.5	26.5
#142D46	29	26	-1	28.5	29.5	25.5	26.5
#152F48	30	26	-1	29.5	30.5	25.5	26.5
#17344F	31	26	-1	30.5	31.5	25.5	26.5
#16314C	32	26	-1	31.5	32.5	25.5	26.5
#132C44	33	26	-1	32.5	33.5	25.5	26.5
#132C44	34	26	-1	33.5	34.5	25.5	26.5
#132B43	35	26	-1	34.5	35.5	25.5	26.5
#142D45	36	26	-1	35.5	36.5	25.5	26.5
#142D45	37	26	-1	36.5	37.5	25.5	26.5
#132B43	38	26	-1	37.5	38.5	25.5	26.5
#132B43	40	26	-1	39.5	40.5	25.5	26.5
#132B43	22	27	-1	21.5	22.5	26.5	27.5
#132C44	23	27	-1	22.5	23.5	26.5	27.5
#132C44	24	27	-1	23.5	24.5	26.5	27.5
#142D45	25	27	-1	24.5	25.5	26.5	27.5
#153049	26	27	-1	25.5	26.5	26.5	27.5
#152F48	27	27	-1	26.5	27.5	26.5	27.5
#152F48	28	27	-1	27.5	28.5	26.5	27.5
#16314C	29	27	-1	28.5	29.5	26.5	27.5
#1A3854	30	27	-1	29.5	30.5	26.5	27.5
#17334E	31	27	-1	30.5	31.5	26.5	27.5
#17324D	32	27	-1	31.5	32.5	26.5	27.5
#142D45	33	27	-1	32.5	33.5	26.5	27.5
#152E47	34	27	-1	33.5	34.5	26.5	27.5
#152E47	35	27	-1	34.5	35.5	26.5	27.5
#132C44	36	27	-1	35.5	36.5	26.5	27.5
#132B43	37	27	-1	36.5	37.5	26.5	27.5
#132B43	38	27	-1	37.5	38.5	26.5	27.5
#132B43	39	27	-1	38.5	39.5	26.5	27.5
#132B43	40	27	-1	39.5	40.5	26.5	27.5
#132B43	23	28	-1	22.5	23.5	27.5	28.5
#132C44	24	28	-1	23.5	24.5	27.5	28.5
#132B43	25	28	-1	24.5	25.5	27.5	28.5
#152E47	26	28	-1	25.5	26.5	27.5	28.5
#16314C	27	28	-1	26.5	27.5	27.5	28.5
#17324D	28	28	-1	27.5	28.5	27.5	28.5
#16314C	29	28	-1	28.5	29.5	27.5	28.5
#17324D	30	28	-1	29.5	30.5	27.5	28.5
#183551	31	28	-1	30.5	31.5	27.5	28.5
#17344F	32	28	-1	31.5	32.5	27.5	28.5
#16314B	33	28	-1	32.5	33.5	27.5	28.5
#1B3B59	34	28	-1	33.5	34.5	27.5	28.5
#152F48	35	28	-1	34.5	35.5	27.5	28.5
#152E47	36	28	-1	35.5	36.5	27.5	28.5
#152E47	37	28	-1	36.5	37.5	27.5	28.5
#142D45	38	28	-1	37.5	38.5	27.5	28.5
#132C44	39	28	-1	38.5	39.5	27.5	28.5
#132B43	40	28	-1	39.5	40.5	27.5	28.5
#132B43	41	28	-1	40.5	41.5	27.5	28.5
#132B43	42	28	-1	41.5	42.5	27.5	28.5
#132B43	19	29	-1	18.5	19.5	28.5	29.5
#132B43	21	29	-1	20.5	21.5	28.5	29.5
#132B43	22	29	-1	21.5	22.5	28.5	29.5
#132B43	23	29	-1	22.5	23.5	28.5	29.5
#16314C	25	29	-1	24.5	25.5	28.5	29.5
#16314B	26	29	-1	25.5	26.5	28.5	29.5
#17344F	27	29	-1	26.5	27.5	28.5	29.5
#17344F	28	29	-1	27.5	28.5	28.5	29.5
#1A3A57	29	29	-1	28.5	29.5	28.5	29.5
#1A3A57	30	29	-1	29.5	30.5	28.5	29.5
#193652	31	29	-1	30.5	31.5	28.5	29.5
#183551	32	29	-1	31.5	32.5	28.5	29.5
#17344F	33	29	-1	32.5	33.5	28.5	29.5
#16314C	34	29	-1	33.5	34.5	28.5	29.5
#16314B	35	29	-1	34.5	35.5	28.5	29.5
#17324D	36	29	-1	35.5	36.5	28.5	29.5
#152E47	37	29	-1	36.5	37.5	28.5	29.5
#142D46	38	29	-1	37.5	38.5	28.5	29.5
#132B43	39	29	-1	38.5	39.5	28.5	29.5
#132B43	41	29	-1	40.5	41.5	28.5	29.5
#132C44	42	29	-1	41.5	42.5	28.5	29.5
#132B43	16	30	-1	15.5	16.5	29.5	30.5
#132B43	18	30	-1	17.5	18.5	29.5	30.5
#132C44	22	30	-1	21.5	22.5	29.5	30.5
#132B43	23	30	-1	22.5	23.5	29.5	30.5
#132C44	24	30	-1	23.5	24.5	29.5	30.5
#142D46	25	30	-1	24.5	25.5	29.5	30.5
#183550	26	30	-1	25.5	26.5	29.5	30.5
#152F48	27	30	-1	26.5	27.5	29.5	30.5
#193652	28	30	-1	27.5	28.5	29.5	30.5
#1B3B59	29	30	-1	28.5	29.5	29.5	30.5
#1F4363	30	30	-1	29.5	30.5	29.5	30.5
#1C3D5B	31	30	-1	30.5	31.5	29.5	30.5
#1F4363	32	30	-1	31.5	32.5	29.5	30.5
#1B3B59	33	30	-1	32.5	33.5	29.5	30.5
#193652	34	30	-1	33.5	34.5	29.5	30.5
#183550	35	30	-1	34.5	35.5	29.5	30.5
#152F48	36	30	-1	35.5	36.5	29.5	30.5
#142D46	37	30	-1	36.5	37.5	29.5	30.5
#142D45	38	30	-1	37.5	38.5	29.5	30.5
#132B43	39	30	-1	38.5	39.5	29.5	30.5
#132B43	40	30	-1	39.5	40.5	29.5	30.5
#132B43	41	30	-1	40.5	41.5	29.5	30.5
#132B43	42	30	-1	41.5	42.5	29.5	30.5
#132B43	44	30	-1	43.5	44.5	29.5	30.5
#132B43	21	31	-1	20.5	21.5	30.5	31.5
#132C44	22	31	-1	21.5	22.5	30.5	31.5
#142D45	24	31	-1	23.5	24.5	30.5	31.5
#152E47	25	31	-1	24.5	25.5	30.5	31.5
#152F48	26	31	-1	25.5	26.5	30.5	31.5
#17344F	27	31	-1	26.5	27.5	30.5	31.5
#1B3A58	28	31	-1	27.5	28.5	30.5	31.5
#1C3D5B	29	31	-1	28.5	29.5	30.5	31.5
#1A3A57	30	31	-1	29.5	30.5	30.5	31.5
#1C3C5A	31	31	-1	30.5	31.5	30.5	31.5
#1B3A58	32	31	-1	31.5	32.5	30.5	31.5
#183550	33	31	-1	32.5	33.5	30.5	31.5
#17344F	34	31	-1	33.5	34.5	30.5	31.5
#193753	35	31	-1	34.5	35.5	30.5	31.5
#153049	36	31	-1	35.5	36.5	30.5	31.5
#142D45	37	31	-1	36.5	37.5	30.5	31.5
#142D45	38	31	-1	37.5	38.5	30.5	31.5
#132C44	39	31	-1	38.5	39.5	30.5	31.5
#132C44	40	31	-1	39.5	40.5	30.5	31.5
#132B43	41	31	-1	40.5	41.5	30.5	31.5
#132B43	46	31	-1	45.5	46.5	30.5	31.5
#132B43	22	32	-1	21.5	22.5	31.5	32.5
#132B43	23	32	-1	22.5	23.5	31.5	32.5
#142D46	24	32	-1	23.5	24.5	31.5	32.5
#153049	25	32	-1	24.5	25.5	31.5	32.5
#142D45	26	32	-1	25.5	26.5	31.5	32.5
#17324D	27	32	-1	26.5	27.5	31.5	32.5
#1A3956	28	32	-1	27.5	28.5	31.5	32.5
#17334E	29	32	-1	28.5	29.5	31.5	32.5
#1A3956	30	32	-1	29.5	30.5	31.5	32.5
#1A3956	31	32	-1	30.5	31.5	31.5	32.5
#16314B	32	32	-1	31.5	32.5	31.5	32.5
#1A3956	33	32	-1	32.5	33.5	31.5	32.5
#1A3A57	34	32	-1	33.5	34.5	31.5	32.5
#17324D	35	32	-1	34.5	35.5	31.5	32.5
#152F48	36	32	-1	35.5	36.5	31.5	32.5
#142D46	37	32	-1	36.5	37.5	31.5	32.5
#142D46	38	32	-1	37.5	38.5	31.5	32.5
#132B43	39	32	-1	38.5	39.5	31.5	32.5
#132B43	40	32	-1	39.5	40.5	31.5	32.5
#132C44	22	33	-1	21.5	22.5	32.5	33.5
#132C44	24	33	-1	23.5	24.5	32.5	33.5
#132B43	25	33	-1	24.5	25.5	32.5	33.5
#152F48	26	33	-1	25.5	26.5	32.5	33.5
#153049	27	33	-1	26.5	27.5	32.5	33.5
#153049	28	33	-1	27.5	28.5	32.5	33.5
#1A3854	29	33	-1	28.5	29.5	32.5	33.5
#17344F	30	33	-1	29.5	30.5	32.5	33.5
#193652	31	33	-1	30.5	31.5	32.5	33.5
#16314B	32	33	-1	31.5	32.5	32.5	33.5
#183550	33	33	-1	32.5	33.5	32.5	33.5
#17344F	34	33	-1	33.5	34.5	32.5	33.5
#16314B	35	33	-1	34.5	35.5	32.5	33.5
#16314C	36	33	-1	35.5	36.5	32.5	33.5
#152E47	37	33	-1	36.5	37.5	32.5	33.5
#142D46	38	33	-1	37.5	38.5	32.5	33.5
#132C44	40	33	-1	39.5	40.5	32.5	33.5
#132B43	43	33	-1	42.5	43.5	32.5	33.5
#132B43	44	33	-1	43.5	44.5	32.5	33.5
#132B43	17	34	-1	16.5	17.5	33.5	34.5
#142D45	22	34	-1	21.5	22.5	33.5	34.5
#132B43	23	34	-1	22.5	23.5	33.5	34.5
#142D45	24	34	-1	23.5	24.5	33.5	34.5
#142D45	26	34	-1	25.5	26.5	33.5	34.5
#153049	27	34	-1	26.5	27.5	33.5	34.5
#152F48	28	34	-1	27.5	28.5	33.5	34.5
#16314B	29	34	-1	28.5	29.5	33.5	34.5
#16314B	30	34	-1	29.5	30.5	33.5	34.5
#1B3B59	31	34	-1	30.5	31.5	33.5	34.5
#153049	32	34	-1	31.5	32.5	33.5	34.5
#16314B	33	34	-1	32.5	33.5	33.5	34.5
#17324D	34	34	-1	33.5	34.5	33.5	34.5
#16314C	35	34	-1	34.5	35.5	33.5	34.5
#132C44	36	34	-1	35.5	36.5	33.5	34.5
#142D45	37	34	-1	36.5	37.5	33.5	34.5
#142D45	38	34	-1	37.5	38.5	33.5	34.5
#132C44	41	34	-1	40.5	41.5	33.5	34.5
#132B43	21	35	-1	20.5	21.5	34.5	35.5
#132B43	22	35	-1	21.5	22.5	34.5	35.5
#132B43	23	35	-1	22.5	23.5	34.5	35.5
#132B43	25	35	-1	24.5	25.5	34.5	35.5
#132C44	26	35	-1	25.5	26.5	34.5	35.5
#132C44	27	35	-1	26.5	27.5	34.5	35.5
#142D46	28	35	-1	27.5	28.5	34.5	35.5
#132B43	29	35	-1	28.5	29.5	34.5	35.5
#152E47	30	35	-1	29.5	30.5	34.5	35.5
#16314B	31	35	-1	30.5	31.5	34.5	35.5
#17334E	32	35	-1	31.5	32.5	34.5	35.5
#142D46	33	35	-1	32.5	33.5	34.5	35.5
#17324D	34	35	-1	33.5	34.5	34.5	35.5
#142D45	35	35	-1	34.5	35.5	34.5	35.5
#132C44	36	35	-1	35.5	36.5	34.5	35.5
#152E47	37	35	-1	36.5	37.5	34.5	35.5
#132B43	38	35	-1	37.5	38.5	34.5	35.5
#132B43	41	35	-1	40.5	41.5	34.5	35.5
#132B43	42	35	-1	41.5	42.5	34.5	35.5
#132B43	25	36	-1	24.5	25.5	35.5	36.5
#132B43	26	36	-1	25.5	26.5	35.5	36.5
#132B43	27	36	-1	26.5	27.5	35.5	36.5
#142D45	28	36	-1	27.5	28.5	35.5	36.5
#142D45	29	36	-1	28.5	29.5	35.5	36.5
#142D45	30	36	-1	29.5	30.5	35.5	36.5
#16314B	31	36	-1	30.5	31.5	35.5	36.5
#152E47	32	36	-1	31.5	32.5	35.5	36.5
#152E47	33	36	-1	32.5	33.5	35.5	36.5
#152E47	34	36	-1	33.5	34.5	35.5	36.5
#142D45	35	36	-1	34.5	35.5	35.5	36.5
#132C44	36	36	-1	35.5	36.5	35.5	36.5
#132B43	39	36	-1	38.5	39.5	35.5	36.5
#132B43	41	36	-1	40.5	41.5	35.5	36.5
#132B43	28	37	-1	27.5	28.5	36.5	37.5
#152E47	30	37	-1	29.5	30.5	36.5	37.5
#142D46	31	37	-1	30.5	31.5	36.5	37.5
#142D46	32	37	-1	31.5	32.5	36.5	37.5
#132B43	33	37	-1	32.5	33.5	36.5	37.5
#142D46	34	37	-1	33.5	34.5	36.5	37.5
#132C44	35	37	-1	34.5	35.5	36.5	37.5
#132B43	36	37	-1	35.5	36.5	36.5	37.5
#132B43	38	37	-1	37.5	38.5	36.5	37.5
#132B43	39	37	-1	38.5	39.5	36.5	37.5
#132B43	41	37	-1	40.5	41.5	36.5	37.5
#132B43	27	38	-1	26.5	27.5	37.5	38.5
#132B43	28	38	-1	27.5	28.5	37.5	38.5
#132B43	29	38	-1	28.5	29.5	37.5	38.5
#132B43	30	38	-1	29.5	30.5	37.5	38.5
#132C44	31	38	-1	30.5	31.5	37.5	38.5
#132C44	32	38	-1	31.5	32.5	37.5	38.5
#142D46	33	38	-1	32.5	33.5	37.5	38.5
#132C44	34	38	-1	33.5	34.5	37.5	38.5
#132C44	35	38	-1	34.5	35.5	37.5	38.5
#132C44	36	38	-1	35.5	36.5	37.5	38.5
#132B43	37	38	-1	36.5	37.5	37.5	38.5
#132B43	38	38	-1	37.5	38.5	37.5	38.5
#132B43	42	38	-1	41.5	42.5	37.5	38.5
#132B43	28	39	-1	27.5	28.5	38.5	39.5
#132C44	30	39	-1	29.5	30.5	38.5	39.5
#132B43	32	39	-1	31.5	32.5	38.5	39.5
#132B43	33	39	-1	32.5	33.5	38.5	39.5
#132C44	36	39	-1	35.5	36.5	38.5	39.5
#132B43	39	39	-1	38.5	39.5	38.5	39.5
#132B43	42	39	-1	41.5	42.5	38.5	39.5
#132B43	28	40	-1	27.5	28.5	39.5	40.5
#132B43	29	40	-1	28.5	29.5	39.5	40.5
#132B43	30	40	-1	29.5	30.5	39.5	40.5
#132B43	32	40	-1	31.5	32.5	39.5	40.5
#132B43	33	40	-1	32.5	33.5	39.5	40.5
#132B43	35	40	-1	34.5	35.5	39.5	40.5
#132B43	36	40	-1	35.5	36.5	39.5	40.5
#132B43	29	41	-1	28.5	29.5	40.5	41.5
#132B43	33	41	-1	32.5	33.5	40.5	41.5
#132B43	36	41	-1	35.5	36.5	40.5	41.5
#132B43	42	41	-1	41.5	42.5	40.5	41.5
#132B43	44	42	-1	43.5	44.5	41.5	42.5
#132B43	30	43	-1	29.5	30.5	42.5	43.5
#132B43	27	45	-1	26.5	27.5	44.5	45.5
#132B43	50	50	-1	49.5	50.5	49.5	50.5
#132B43	15	14	-1	14.5	15.5	13.5	14.5
#132B43	18	14	-1	17.5	18.5	13.5	14.5
#132B43	25	16	-1	24.5	25.5	15.5	16.5
#132B43	21	19	-1	20.5	21.5	18.5	19.5
#132B43	31	19	-1	30.5	31.5	18.5	19.5
#132B43	20	20	-1	19.5	20.5	19.5	20.5
#132B43	28	20	-1	27.5	28.5	19.5	20.5
#132B43	27	21	-1	26.5	27.5	20.5	21.5
#132B43	28	21	-1	27.5	28.5	20.5	21.5
#132B43	29	21	-1	28.5	29.5	20.5	21.5
#132C44	26	22	-1	25.5	26.5	21.5	22.5
#132B43	28	22	-1	27.5	28.5	21.5	22.5
#132B43	29	22	-1	28.5	29.5	21.5	22.5
#132B43	30	22	-1	29.5	30.5	21.5	22.5
#132B43	33	22	-1	32.5	33.5	21.5	22.5
#132B43	38	22	-1	37.5	38.5	21.5	22.5
#132B43	23	23	-1	22.5	23.5	22.5	23.5
#132B43	24	23	-1	23.5	24.5	22.5	23.5
#132B43	26	23	-1	25.5	26.5	22.5	23.5
#132B43	27	23	-1	26.5	27.5	22.5	23.5
#142D45	28	23	-1	27.5	28.5	22.5	23.5
#132C44	32	23	-1	31.5	32.5	22.5	23.5
#132C44	36	23	-1	35.5	36.5	22.5	23.5
#132B43	38	23	-1	37.5	38.5	22.5	23.5
#132B43	24	24	-1	23.5	24.5	23.5	24.5
#132B43	25	24	-1	24.5	25.5	23.5	24.5
#142D45	26	24	-1	25.5	26.5	23.5	24.5
#132B43	27	24	-1	26.5	27.5	23.5	24.5
#132B43	28	24	-1	27.5	28.5	23.5	24.5
#142D45	29	24	-1	28.5	29.5	23.5	24.5
#132B43	30	24	-1	29.5	30.5	23.5	24.5
#142D45	31	24	-1	30.5	31.5	23.5	24.5
#142D46	32	24	-1	31.5	32.5	23.5	24.5
#132B43	33	24	-1	32.5	33.5	23.5	24.5
#132C44	34	24	-1	33.5	34.5	23.5	24.5
#132B43	35	24	-1	34.5	35.5	23.5	24.5
#132B43	37	24	-1	36.5	37.5	23.5	24.5
#132B43	38	24	-1	37.5	38.5	23.5	24.5
#132B43	22	25	-1	21.5	22.5	24.5	25.5
#132B43	24	25	-1	23.5	24.5	24.5	25.5
#142D46	26	25	-1	25.5	26.5	24.5	25.5
#132B43	27	25	-1	26.5	27.5	24.5	25.5
#132C44	30	25	-1	29.5	30.5	24.5	25.5
#132C44	31	25	-1	30.5	31.5	24.5	25.5
#132B43	32	25	-1	31.5	32.5	24.5	25.5
#142D45	33	25	-1	32.5	33.5	24.5	25.5
#142D45	34	25	-1	33.5	34.5	24.5	25.5
#132B43	35	25	-1	34.5	35.5	24.5	25.5
#132B43	37	25	-1	36.5	37.5	24.5	25.5
#132C44	38	25	-1	37.5	38.5	24.5	25.5
#132B43	41	25	-1	40.5	41.5	24.5	25.5
#132B43	43	25	-1	42.5	43.5	24.5	25.5
#132B43	19	26	-1	18.5	19.5	25.5	26.5
#142D45	23	26	-1	22.5	23.5	25.5	26.5
#132C44	24	26	-1	23.5	24.5	25.5	26.5
#132B43	25	26	-1	24.5	25.5	25.5	26.5
#152E47	26	26	-1	25.5	26.5	25.5	26.5
#132C44	27	26	-1	26.5	27.5	25.5	26.5
#152E47	28	26	-1	27.5	28.5	25.5	26.5
#152F48	29	26	-1	28.5	29.5	25.5	26.5
#153049	30	26	-1	29.5	30.5	25.5	26.5
#152E47	31	26	-1	30.5	31.5	25.5	26.5
#142D45	32	26	-1	31.5	32.5	25.5	26.5
#132C44	33	26	-1	32.5	33.5	25.5	26.5
#142D45	34	26	-1	33.5	34.5	25.5	26.5
#152E47	35	26	-1	34.5	35.5	25.5	26.5
#142D46	36	26	-1	35.5	36.5	25.5	26.5
#132B43	37	26	-1	36.5	37.5	25.5	26.5
#132B43	38	26	-1	37.5	38.5	25.5	26.5
#132B43	39	26	-1	38.5	39.5	25.5	26.5
#132B43	42	26	-1	41.5	42.5	25.5	26.5
#132C44	24	27	-1	23.5	24.5	26.5	27.5
#142D45	25	27	-1	24.5	25.5	26.5	27.5
#152F48	26	27	-1	25.5	26.5	26.5	27.5
#142D46	27	27	-1	26.5	27.5	26.5	27.5
#17324D	28	27	-1	27.5	28.5	26.5	27.5
#152F48	29	27	-1	28.5	29.5	26.5	27.5
#183550	30	27	-1	29.5	30.5	26.5	27.5
#153049	31	27	-1	30.5	31.5	26.5	27.5
#16314C	32	27	-1	31.5	32.5	26.5	27.5
#152F48	33	27	-1	32.5	33.5	26.5	27.5
#153049	34	27	-1	33.5	34.5	26.5	27.5
#142D45	35	27	-1	34.5	35.5	26.5	27.5
#132B43	36	27	-1	35.5	36.5	26.5	27.5
#132B43	40	27	-1	39.5	40.5	26.5	27.5
#132B43	44	27	-1	43.5	44.5	26.5	27.5
#132B43	20	28	-1	19.5	20.5	27.5	28.5
#132C44	23	28	-1	22.5	23.5	27.5	28.5
#142D45	24	28	-1	23.5	24.5	27.5	28.5
#132C44	25	28	-1	24.5	25.5	27.5	28.5
#152F48	26	28	-1	25.5	26.5	27.5	28.5
#153049	27	28	-1	26.5	27.5	27.5	28.5
#17334E	28	28	-1	27.5	28.5	27.5	28.5
#152E47	29	28	-1	28.5	29.5	27.5	28.5
#17344F	30	28	-1	29.5	30.5	27.5	28.5
#152E47	31	28	-1	30.5	31.5	27.5	28.5
#152E47	32	28	-1	31.5	32.5	27.5	28.5
#16314B	33	28	-1	32.5	33.5	27.5	28.5
#152E47	34	28	-1	33.5	34.5	27.5	28.5
#142D46	35	28	-1	34.5	35.5	27.5	28.5
#132C44	37	28	-1	36.5	37.5	27.5	28.5
#132B43	38	28	-1	37.5	38.5	27.5	28.5
#132B43	21	29	-1	20.5	21.5	28.5	29.5
#132C44	23	29	-1	22.5	23.5	28.5	29.5
#132B43	24	29	-1	23.5	24.5	28.5	29.5
#152F48	25	29	-1	24.5	25.5	28.5	29.5
#152F48	26	29	-1	25.5	26.5	28.5	29.5
#17344F	27	29	-1	26.5	27.5	28.5	29.5
#193753	28	29	-1	27.5	28.5	28.5	29.5
#17344F	29	29	-1	28.5	29.5	28.5	29.5
#183551	30	29	-1	29.5	30.5	28.5	29.5
#17324D	31	29	-1	30.5	31.5	28.5	29.5
#16314B	32	29	-1	31.5	32.5	28.5	29.5
#17334E	33	29	-1	32.5	33.5	28.5	29.5
#142D46	34	29	-1	33.5	34.5	28.5	29.5
#16314B	35	29	-1	34.5	35.5	28.5	29.5
#132C44	36	29	-1	35.5	36.5	28.5	29.5
#132B43	37	29	-1	36.5	37.5	28.5	29.5
#132B43	38	29	-1	37.5	38.5	28.5	29.5
#132B43	39	29	-1	38.5	39.5	28.5	29.5
#132B43	40	29	-1	39.5	40.5	28.5	29.5
#132B43	18	30	-1	17.5	18.5	29.5	30.5
#132B43	22	30	-1	21.5	22.5	29.5	30.5
#132B43	23	30	-1	22.5	23.5	29.5	30.5
#142D46	24	30	-1	23.5	24.5	29.5	30.5
#132B43	25	30	-1	24.5	25.5	29.5	30.5
#152F48	26	30	-1	25.5	26.5	29.5	30.5
#152E47	27	30	-1	26.5	27.5	29.5	30.5
#183550	28	30	-1	27.5	28.5	29.5	30.5
#1A3854	29	30	-1	28.5	29.5	29.5	30.5
#193652	30	30	-1	29.5	30.5	29.5	30.5
#17334E	31	30	-1	30.5	31.5	29.5	30.5
#1A3854	32	30	-1	31.5	32.5	29.5	30.5
#193652	33	30	-1	32.5	33.5	29.5	30.5
#153049	34	30	-1	33.5	34.5	29.5	30.5
#142D46	35	30	-1	34.5	35.5	29.5	30.5
#16314B	36	30	-1	35.5	36.5	29.5	30.5
#142D46	37	30	-1	36.5	37.5	29.5	30.5
#152E47	38	30	-1	37.5	38.5	29.5	30.5
#142D46	39	30	-1	38.5	39.5	29.5	30.5
#132C44	40	30	-1	39.5	40.5	29.5	30.5
#132C44	41	30	-1	40.5	41.5	29.5	30.5
#142D45	42	30	-1	41.5	42.5	29.5	30.5
#142D46	22	31	-1	21.5	22.5	30.5	31.5
#142D45	24	31	-1	23.5	24.5	30.5	31.5
#132C44	25	31	-1	24.5	25.5	30.5	31.5
#152F48	26	31	-1	25.5	26.5	30.5	31.5
#183550	27	31	-1	26.5	27.5	30.5	31.5
#17344F	28	31	-1	27.5	28.5	30.5	31.5
#17324D	29	31	-1	28.5	29.5	30.5	31.5
#1B3B59	30	31	-1	29.5	30.5	30.5	31.5
#1A3854	31	31	-1	30.5	31.5	30.5	31.5
#193753	32	31	-1	31.5	32.5	30.5	31.5
#17344F	33	31	-1	32.5	33.5	30.5	31.5
#16314C	34	31	-1	33.5	34.5	30.5	31.5
#153049	35	31	-1	34.5	35.5	30.5	31.5
#152F48	36	31	-1	35.5	36.5	30.5	31.5
#142D46	37	31	-1	36.5	37.5	30.5	31.5
#142D46	38	31	-1	37.5	38.5	30.5	31.5
#132B43	40	31	-1	39.5	40.5	30.5	31.5
#132B43	42	31	-1	41.5	42.5	30.5	31.5
#132B43	43	31	-1	42.5	43.5	30.5	31.5
#132B43	20	32	-1	19.5	20.5	31.5	32.5
#132B43	22	32	-1	21.5	22.5	31.5	32.5
#152E47	24	32	-1	23.5	24.5	31.5	32.5
#132B43	25	32	-1	24.5	25.5	31.5	32.5
#153049	26	32	-1	25.5	26.5	31.5	32.5
#193753	27	32	-1	26.5	27.5	31.5	32.5
#16314B	28	32	-1	27.5	28.5	31.5	32.5
#17324D	29	32	-1	28.5	29.5	31.5	32.5
#17334E	30	32	-1	29.5	30.5	31.5	32.5
#1A3854	31	32	-1	30.5	31.5	31.5	32.5
#1A3956	32	32	-1	31.5	32.5	31.5	32.5
#193652	33	32	-1	32.5	33.5	31.5	32.5
#17344F	34	32	-1	33.5	34.5	31.5	32.5
#16314C	35	32	-1	34.5	35.5	31.5	32.5
#153049	36	32	-1	35.5	36.5	31.5	32.5
#152E47	37	32	-1	36.5	37.5	31.5	32.5
#132C44	38	32	-1	37.5	38.5	31.5	32.5
#132B43	39	32	-1	38.5	39.5	31.5	32.5
#142D45	40	32	-1	39.5	40.5	31.5	32.5
#132B43	41	32	-1	40.5	41.5	31.5	32.5
#132B43	42	32	-1	41.5	42.5	31.5	32.5
#132B43	43	32	-1	42.5	43.5	31.5	32.5
#132B43	22	33	-1	21.5	22.5	32.5	33.5
#152E47	25	33	-1	24.5	25.5	32.5	33.5
#142D46	26	33	-1	25.5	26.5	32.5	33.5
#153049	27	33	-1	26.5	27.5	32.5	33.5
#16314B	28	33	-1	27.5	28.5	32.5	33.5
#183550	29	33	-1	28.5	29.5	32.5	33.5
#193652	30	33	-1	29.5	30.5	32.5	33.5
#1A3854	31	33	-1	30.5	31.5	32.5	33.5
#17334E	32	33	-1	31.5	32.5	32.5	33.5
#183550	33	33	-1	32.5	33.5	32.5	33.5
#183551	34	33	-1	33.5	34.5	32.5	33.5
#152F48	35	33	-1	34.5	35.5	32.5	33.5
#152F48	36	33	-1	35.5	36.5	32.5	33.5
#142D45	37	33	-1	36.5	37.5	32.5	33.5
#142D45	38	33	-1	37.5	38.5	32.5	33.5
#152F48	39	33	-1	38.5	39.5	32.5	33.5
#142D45	40	33	-1	39.5	40.5	32.5	33.5
#132B43	43	33	-1	42.5	43.5	32.5	33.5
#132B43	44	33	-1	43.5	44.5	32.5	33.5
#132B43	22	34	-1	21.5	22.5	33.5	34.5
#132B43	23	34	-1	22.5	23.5	33.5	34.5
#132C44	25	34	-1	24.5	25.5	33.5	34.5
#17324D	26	34	-1	25.5	26.5	33.5	34.5
#152F48	27	34	-1	26.5	27.5	33.5	34.5
#17334E	28	34	-1	27.5	28.5	33.5	34.5
#193753	29	34	-1	28.5	29.5	33.5	34.5
#17334E	30	34	-1	29.5	30.5	33.5	34.5
#17344F	31	34	-1	30.5	31.5	33.5	34.5
#193753	32	34	-1	31.5	32.5	33.5	34.5
#16314B	33	34	-1	32.5	33.5	33.5	34.5
#183550	34	34	-1	33.5	34.5	33.5	34.5
#142D46	35	34	-1	34.5	35.5	33.5	34.5
#16314B	36	34	-1	35.5	36.5	33.5	34.5
#132B43	37	34	-1	36.5	37.5	33.5	34.5
#132C44	38	34	-1	37.5	38.5	33.5	34.5
#142D46	39	34	-1	38.5	39.5	33.5	34.5
#132B43	40	34	-1	39.5	40.5	33.5	34.5
#132B43	41	34	-1	40.5	41.5	33.5	34.5
#132C44	42	34	-1	41.5	42.5	33.5	34.5
#132B43	43	34	-1	42.5	43.5	33.5	34.5
#132B43	45	34	-1	44.5	45.5	33.5	34.5
#132C44	22	35	-1	21.5	22.5	34.5	35.5
#132C44	24	35	-1	23.5	24.5	34.5	35.5
#132B43	25	35	-1	24.5	25.5	34.5	35.5
#132B43	26	35	-1	25.5	26.5	34.5	35.5
#152E47	27	35	-1	26.5	27.5	34.5	35.5
#132C44	28	35	-1	27.5	28.5	34.5	35.5
#17334E	29	35	-1	28.5	29.5	34.5	35.5
#153049	30	35	-1	29.5	30.5	34.5	35.5
#152F48	31	35	-1	30.5	31.5	34.5	35.5
#17344F	32	35	-1	31.5	32.5	34.5	35.5
#17334E	33	35	-1	32.5	33.5	34.5	35.5
#153049	34	35	-1	33.5	34.5	34.5	35.5
#152E47	35	35	-1	34.5	35.5	34.5	35.5
#132C44	36	35	-1	35.5	36.5	34.5	35.5
#142D45	37	35	-1	36.5	37.5	34.5	35.5
#16314B	38	35	-1	37.5	38.5	34.5	35.5
#142D46	39	35	-1	38.5	39.5	34.5	35.5
#142D45	40	35	-1	39.5	40.5	34.5	35.5
#132B43	43	35	-1	42.5	43.5	34.5	35.5
#132B43	22	36	-1	21.5	22.5	35.5	36.5
#132B43	26	36	-1	25.5	26.5	35.5	36.5
#152E47	27	36	-1	26.5	27.5	35.5	36.5
#16314B	28	36	-1	27.5	28.5	35.5	36.5
#153049	29	36	-1	28.5	29.5	35.5	36.5
#17324D	30	36	-1	29.5	30.5	35.5	36.5
#152F48	31	36	-1	30.5	31.5	35.5	36.5
#153049	32	36	-1	31.5	32.5	35.5	36.5
#152F48	33	36	-1	32.5	33.5	35.5	36.5
#152F48	34	36	-1	33.5	34.5	35.5	36.5
#142D46	35	36	-1	34.5	35.5	35.5	36.5
#142D46	36	36	-1	35.5	36.5	35.5	36.5
#16314B	37	36	-1	36.5	37.5	35.5	36.5
#132C44	39	36	-1	38.5	39.5	35.5	36.5
#132B43	40	36	-1	39.5	40.5	35.5	36.5
#132C44	41	36	-1	40.5	41.5	35.5	36.5
#132B43	42	36	-1	41.5	42.5	35.5	36.5
#132B43	45	36	-1	44.5	45.5	35.5	36.5
#132B43	21	37	-1	20.5	21.5	36.5	37.5
#132B43	26	37	-1	25.5	26.5	36.5	37.5
#132B43	27	37	-1	26.5	27.5	36.5	37.5
#132B43	28	37	-1	27.5	28.5	36.5	37.5
#16314B	29	37	-1	28.5	29.5	36.5	37.5
#132B43	31	37	-1	30.5	31.5	36.5	37.5
#152E47	32	37	-1	31.5	32.5	36.5	37.5
#142D45	33	37	-1	32.5	33.5	36.5	37.5
#132C44	34	37	-1	33.5	34.5	36.5	37.5
#132B43	35	37	-1	34.5	35.5	36.5	37.5
#142D46	37	37	-1	36.5	37.5	36.5	37.5
#142D46	38	37	-1	37.5	38.5	36.5	37.5
#132B43	40	37	-1	39.5	40.5	36.5	37.5
#132B43	41	37	-1	40.5	41.5	36.5	37.5
#132C44	43	37	-1	42.5	43.5	36.5	37.5
#132B43	23	38	-1	22.5	23.5	37.5	38.5
#132B43	24	38	-1	23.5	24.5	37.5	38.5
#132B43	26	38	-1	25.5	26.5	37.5	38.5
#142D45	28	38	-1	27.5	28.5	37.5	38.5
#132C44	29	38	-1	28.5	29.5	37.5	38.5
#152F48	30	38	-1	29.5	30.5	37.5	38.5
#132C44	31	38	-1	30.5	31.5	37.5	38.5
#142D46	32	38	-1	31.5	32.5	37.5	38.5
#153049	33	38	-1	32.5	33.5	37.5	38.5
#152E47	34	38	-1	33.5	34.5	37.5	38.5
#16314B	35	38	-1	34.5	35.5	37.5	38.5
#132B43	36	38	-1	35.5	36.5	37.5	38.5
#142D46	37	38	-1	36.5	37.5	37.5	38.5
#132C44	38	38	-1	37.5	38.5	37.5	38.5
#132B43	39	38	-1	38.5	39.5	37.5	38.5
#132B43	40	38	-1	39.5	40.5	37.5	38.5
#132B43	41	38	-1	40.5	41.5	37.5	38.5
#132B43	44	38	-1	43.5	44.5	37.5	38.5
#132B43	48	38	-1	47.5	48.5	37.5	38.5
#132B43	25	39	-1	24.5	25.5	38.5	39.5
#132C44	27	39	-1	26.5	27.5	38.5	39.5
#142D45	29	39	-1	28.5	29.5	38.5	39.5
#132C44	30	39	-1	29.5	30.5	38.5	39.5
#132C44	31	39	-1	30.5	31.5	38.5	39.5
#132B43	33	39	-1	32.5	33.5	38.5	39.5
#142D45	34	39	-1	33.5	34.5	38.5	39.5
#132C44	35	39	-1	34.5	35.5	38.5	39.5
#142D45	36	39	-1	35.5	36.5	38.5	39.5
#132B43	37	39	-1	36.5	37.5	38.5	39.5
#132B43	41	39	-1	40.5	41.5	38.5	39.5
#132B43	43	39	-1	42.5	43.5	38.5	39.5
#132B43	48	39	-1	47.5	48.5	38.5	39.5
#132B43	27	40	-1	26.5	27.5	39.5	40.5
#132B43	30	40	-1	29.5	30.5	39.5	40.5
#132C44	31	40	-1	30.5	31.5	39.5	40.5
#142D45	32	40	-1	31.5	32.5	39.5	40.5
#132C44	33	40	-1	32.5	33.5	39.5	40.5
#132C44	34	40	-1	33.5	34.5	39.5	40.5
#142D45	35	40	-1	34.5	35.5	39.5	40.5
#132C44	36	40	-1	35.5	36.5	39.5	40.5
#132B43	37	40	-1	36.5	37.5	39.5	40.5
#132B43	39	40	-1	38.5	39.5	39.5	40.5
#132B43	40	40	-1	39.5	40.5	39.5	40.5
#132B43	26	41	-1	25.5	26.5	40.5	41.5
#142D45	31	41	-1	30.5	31.5	40.5	41.5
#132B43	32	41	-1	31.5	32.5	40.5	41.5
#132B43	36	41	-1	35.5	36.5	40.5	41.5
#132B43	38	41	-1	37.5	38.5	40.5	41.5
#132B43	41	41	-1	40.5	41.5	40.5	41.5
#132B43	27	42	-1	26.5	27.5	41.5	42.5
#132C44	30	42	-1	29.5	30.5	41.5	42.5
#132B43	33	42	-1	32.5	33.5	41.5	42.5
#142D45	34	42	-1	33.5	34.5	41.5	42.5
#132C44	38	42	-1	37.5	38.5	41.5	42.5
#132B43	39	42	-1	38.5	39.5	41.5	42.5
#132B43	40	42	-1	39.5	40.5	41.5	42.5
#132B43	28	43	-1	27.5	28.5	42.5	43.5
#132B43	34	43	-1	33.5	34.5	42.5	43.5
#132B43	38	43	-1	37.5	38.5	42.5	43.5
#132B43	41	43	-1	40.5	41.5	42.5	43.5
#132B43	44	43	-1	43.5	44.5	42.5	43.5
#132B43	31	44	-1	30.5	31.5	43.5	44.5
#132B43	30	45	-1	29.5	30.5	44.5	45.5
#132B43	36	45	-1	35.5	36.5	44.5	45.5
#132B43	48	48	-1	47.5	48.5	47.5	48.5
#132C44	38	50	-1	37.5	38.5	49.5	50.5
#142D46	50	50	-1	49.5	50.5	49.5	50.5
#132B43	19	20	-1	18.5	19.5	19.5	20.5
#132B43	32	20	-1	31.5	32.5	19.5	20.5
#132B43	35	20	-1	34.5	35.5	19.5	20.5
#132B43	34	21	-1	33.5	34.5	20.5	21.5
#132B43	34	22	-1	33.5	34.5	21.5	22.5
#132B43	38	22	-1	37.5	38.5	21.5	22.5
#132C44	30	23	-1	29.5	30.5	22.5	23.5
#132B43	31	23	-1	30.5	31.5	22.5	23.5
#132C44	35	23	-1	34.5	35.5	22.5	23.5
#132B43	36	23	-1	35.5	36.5	22.5	23.5
#132B43	28	24	-1	27.5	28.5	23.5	24.5
#132C44	29	24	-1	28.5	29.5	23.5	24.5
#132B43	30	24	-1	29.5	30.5	23.5	24.5
#132B43	32	24	-1	31.5	32.5	23.5	24.5
#132B43	33	24	-1	32.5	33.5	23.5	24.5
#132C44	34	24	-1	33.5	34.5	23.5	24.5
#132B43	20	25	-1	19.5	20.5	24.5	25.5
#132B43	27	25	-1	26.5	27.5	24.5	25.5
#132C44	30	25	-1	29.5	30.5	24.5	25.5
#142D45	31	25	-1	30.5	31.5	24.5	25.5
#152E47	33	25	-1	32.5	33.5	24.5	25.5
#132B43	36	25	-1	35.5	36.5	24.5	25.5
#132C44	37	25	-1	36.5	37.5	24.5	25.5
#132B43	38	25	-1	37.5	38.5	24.5	25.5
#132B43	39	25	-1	38.5	39.5	24.5	25.5
#132C44	24	26	-1	23.5	24.5	25.5	26.5
#132B43	27	26	-1	26.5	27.5	25.5	26.5
#142D45	28	26	-1	27.5	28.5	25.5	26.5
#142D46	29	26	-1	28.5	29.5	25.5	26.5
#142D46	30	26	-1	29.5	30.5	25.5	26.5
#142D46	31	26	-1	30.5	31.5	25.5	26.5
#132C44	32	26	-1	31.5	32.5	25.5	26.5
#132B43	33	26	-1	32.5	33.5	25.5	26.5
#142D46	34	26	-1	33.5	34.5	25.5	26.5
#142D45	35	26	-1	34.5	35.5	25.5	26.5
#132B43	39	26	-1	38.5	39.5	25.5	26.5
#142D45	41	26	-1	40.5	41.5	25.5	26.5
#142D46	27	27	-1	26.5	27.5	26.5	27.5
#132B43	28	27	-1	27.5	28.5	26.5	27.5
#142D45	29	27	-1	28.5	29.5	26.5	27.5
#142D45	30	27	-1	29.5	30.5	26.5	27.5
#142D46	31	27	-1	30.5	31.5	26.5	27.5
#132C44	32	27	-1	31.5	32.5	26.5	27.5
#142D46	33	27	-1	32.5	33.5	26.5	27.5
#142D45	34	27	-1	33.5	34.5	26.5	27.5
#132C44	35	27	-1	34.5	35.5	26.5	27.5
#132B43	36	27	-1	35.5	36.5	26.5	27.5
#132B43	38	27	-1	37.5	38.5	26.5	27.5
#132B43	40	27	-1	39.5	40.5	26.5	27.5
#132B43	41	27	-1	40.5	41.5	26.5	27.5
#132B43	21	28	-1	20.5	21.5	27.5	28.5
#132C44	27	28	-1	26.5	27.5	27.5	28.5
#153049	28	28	-1	27.5	28.5	27.5	28.5
#152E47	29	28	-1	28.5	29.5	27.5	28.5
#132B43	30	28	-1	29.5	30.5	27.5	28.5
#152F48	31	28	-1	30.5	31.5	27.5	28.5
#16314B	32	28	-1	31.5	32.5	27.5	28.5
#152F48	33	28	-1	32.5	33.5	27.5	28.5
#142D45	34	28	-1	33.5	34.5	27.5	28.5
#153049	35	28	-1	34.5	35.5	27.5	28.5
#132B43	36	28	-1	35.5	36.5	27.5	28.5
#132C44	37	28	-1	36.5	37.5	27.5	28.5
#132B43	39	28	-1	38.5	39.5	27.5	28.5
#132C44	40	28	-1	39.5	40.5	27.5	28.5
#132B43	42	28	-1	41.5	42.5	27.5	28.5
#132B43	24	29	-1	23.5	24.5	28.5	29.5
#132C44	25	29	-1	24.5	25.5	28.5	29.5
#132C44	26	29	-1	25.5	26.5	28.5	29.5
#142D45	27	29	-1	26.5	27.5	28.5	29.5
#132B43	28	29	-1	27.5	28.5	28.5	29.5
#152E47	29	29	-1	28.5	29.5	28.5	29.5
#142D46	30	29	-1	29.5	30.5	28.5	29.5
#16314B	31	29	-1	30.5	31.5	28.5	29.5
#16314B	32	29	-1	31.5	32.5	28.5	29.5
#152F48	33	29	-1	32.5	33.5	28.5	29.5
#16314B	34	29	-1	33.5	34.5	28.5	29.5
#142D46	35	29	-1	34.5	35.5	28.5	29.5
#152F48	36	29	-1	35.5	36.5	28.5	29.5
#132C44	37	29	-1	36.5	37.5	28.5	29.5
#142D45	41	29	-1	40.5	41.5	28.5	29.5
#132B43	45	29	-1	44.5	45.5	28.5	29.5
#132B43	20	30	-1	19.5	20.5	29.5	30.5
#132B43	22	30	-1	21.5	22.5	29.5	30.5
#132B43	23	30	-1	22.5	23.5	29.5	30.5
#132B43	24	30	-1	23.5	24.5	29.5	30.5
#132B43	25	30	-1	24.5	25.5	29.5	30.5
#142D45	26	30	-1	25.5	26.5	29.5	30.5
#153049	27	30	-1	26.5	27.5	29.5	30.5
#152E47	28	30	-1	27.5	28.5	29.5	30.5
#142D46	29	30	-1	28.5	29.5	29.5	30.5
#153049	30	30	-1	29.5	30.5	29.5	30.5
#142D45	31	30	-1	30.5	31.5	29.5	30.5
#132C44	32	30	-1	31.5	32.5	29.5	30.5
#153049	33	30	-1	32.5	33.5	29.5	30.5
#152F48	34	30	-1	33.5	34.5	29.5	30.5
#16314B	35	30	-1	34.5	35.5	29.5	30.5
#142D46	36	30	-1	35.5	36.5	29.5	30.5
#152F48	37	30	-1	36.5	37.5	29.5	30.5
#142D45	38	30	-1	37.5	38.5	29.5	30.5
#132B43	39	30	-1	38.5	39.5	29.5	30.5
#132B43	42	30	-1	41.5	42.5	29.5	30.5
#132B43	23	31	-1	22.5	23.5	30.5	31.5
#142D46	28	31	-1	27.5	28.5	30.5	31.5
#152E47	29	31	-1	28.5	29.5	30.5	31.5
#142D46	30	31	-1	29.5	30.5	30.5	31.5
#142D45	31	31	-1	30.5	31.5	30.5	31.5
#152F48	32	31	-1	31.5	32.5	30.5	31.5
#16314C	33	31	-1	32.5	33.5	30.5	31.5
#153049	34	31	-1	33.5	34.5	30.5	31.5
#152E47	35	31	-1	34.5	35.5	30.5	31.5
#132B43	36	31	-1	35.5	36.5	30.5	31.5
#152E47	37	31	-1	36.5	37.5	30.5	31.5
#132C44	38	31	-1	37.5	38.5	30.5	31.5
#132C44	39	31	-1	38.5	39.5	30.5	31.5
#132B43	41	31	-1	40.5	41.5	30.5	31.5
#132B43	23	32	-1	22.5	23.5	31.5	32.5
#132C44	26	32	-1	25.5	26.5	31.5	32.5
#132B43	27	32	-1	26.5	27.5	31.5	32.5
#132C44	28	32	-1	27.5	28.5	31.5	32.5
#153049	29	32	-1	28.5	29.5	31.5	32.5
#16314C	30	32	-1	29.5	30.5	31.5	32.5
#152F48	31	32	-1	30.5	31.5	31.5	32.5
#16314C	32	32	-1	31.5	32.5	31.5	32.5
#17334E	33	32	-1	32.5	33.5	31.5	32.5
#16314B	34	32	-1	33.5	34.5	31.5	32.5
#152E47	35	32	-1	34.5	35.5	31.5	32.5
#153049	36	32	-1	35.5	36.5	31.5	32.5
#152F48	37	32	-1	36.5	37.5	31.5	32.5
#132B43	38	32	-1	37.5	38.5	31.5	32.5
#132B43	39	32	-1	38.5	39.5	31.5	32.5
#132C44	40	32	-1	39.5	40.5	31.5	32.5
#132B43	41	32	-1	40.5	41.5	31.5	32.5
#132B43	44	32	-1	43.5	44.5	31.5	32.5
#132B43	24	33	-1	23.5	24.5	32.5	33.5
#132C44	26	33	-1	25.5	26.5	32.5	33.5
#152E47	27	33	-1	26.5	27.5	32.5	33.5
#142D45	28	33	-1	27.5	28.5	32.5	33.5
#153049	29	33	-1	28.5	29.5	32.5	33.5
#152E47	30	33	-1	29.5	30.5	32.5	33.5
#17344F	31	33	-1	30.5	31.5	32.5	33.5
#142D46	32	33	-1	31.5	32.5	32.5	33.5
#16314B	33	33	-1	32.5	33.5	32.5	33.5
#17324D	34	33	-1	33.5	34.5	32.5	33.5
#142D46	35	33	-1	34.5	35.5	32.5	33.5
#142D45	36	33	-1	35.5	36.5	32.5	33.5
#132C44	37	33	-1	36.5	37.5	32.5	33.5
#132B43	38	33	-1	37.5	38.5	32.5	33.5
#132C44	39	33	-1	38.5	39.5	32.5	33.5
#132C44	40	33	-1	39.5	40.5	32.5	33.5
#132B43	43	33	-1	42.5	43.5	32.5	33.5
#132B43	22	34	-1	21.5	22.5	33.5	34.5
#132B43	23	34	-1	22.5	23.5	33.5	34.5
#132C44	25	34	-1	24.5	25.5	33.5	34.5
#142D45	27	34	-1	26.5	27.5	33.5	34.5
#142D46	28	34	-1	27.5	28.5	33.5	34.5
#142D45	29	34	-1	28.5	29.5	33.5	34.5
#152E47	30	34	-1	29.5	30.5	33.5	34.5
#142D45	31	34	-1	30.5	31.5	33.5	34.5
#152E47	32	34	-1	31.5	32.5	33.5	34.5
#152E47	33	34	-1	32.5	33.5	33.5	34.5
#152E47	34	34	-1	33.5	34.5	33.5	34.5
#142D46	35	34	-1	34.5	35.5	33.5	34.5
#132C44	37	34	-1	36.5	37.5	33.5	34.5
#132C44	39	34	-1	38.5	39.5	33.5	34.5
#142D45	40	34	-1	39.5	40.5	33.5	34.5
#132B43	44	34	-1	43.5	44.5	33.5	34.5
#132B43	45	34	-1	44.5	45.5	33.5	34.5
#132B43	25	35	-1	24.5	25.5	34.5	35.5
#132B43	26	35	-1	25.5	26.5	34.5	35.5
#132B43	28	35	-1	27.5	28.5	34.5	35.5
#142D45	30	35	-1	29.5	30.5	34.5	35.5
#132C44	31	35	-1	30.5	31.5	34.5	35.5
#132B43	32	35	-1	31.5	32.5	34.5	35.5
#142D46	33	35	-1	32.5	33.5	34.5	35.5
#152E47	34	35	-1	33.5	34.5	34.5	35.5
#142D45	35	35	-1	34.5	35.5	34.5	35.5
#142D46	36	35	-1	35.5	36.5	34.5	35.5
#142D45	37	35	-1	36.5	37.5	34.5	35.5
#132B43	28	36	-1	27.5	28.5	35.5	36.5
#132B43	29	36	-1	28.5	29.5	35.5	36.5
#132B43	30	36	-1	29.5	30.5	35.5	36.5
#132C44	31	36	-1	30.5	31.5	35.5	36.5
#132B43	32	36	-1	31.5	32.5	35.5	36.5
#142D45	33	36	-1	32.5	33.5	35.5	36.5
#142D46	34	36	-1	33.5	34.5	35.5	36.5
#142D45	35	36	-1	34.5	35.5	35.5	36.5
#152E47	37	36	-1	36.5	37.5	35.5	36.5
#132C44	40	36	-1	39.5	40.5	35.5	36.5
#132B43	29	37	-1	28.5	29.5	36.5	37.5
#132B43	30	37	-1	29.5	30.5	36.5	37.5
#142D45	31	37	-1	30.5	31.5	36.5	37.5
#132C44	32	37	-1	31.5	32.5	36.5	37.5
#132C44	33	37	-1	32.5	33.5	36.5	37.5
#132C44	34	37	-1	33.5	34.5	36.5	37.5
#132B43	35	37	-1	34.5	35.5	36.5	37.5
#142D45	36	37	-1	35.5	36.5	36.5	37.5
#132B43	37	37	-1	36.5	37.5	36.5	37.5
#132B43	38	37	-1	37.5	38.5	36.5	37.5
#132C44	40	37	-1	39.5	40.5	36.5	37.5
#132B43	25	38	-1	24.5	25.5	37.5	38.5
#132B43	29	38	-1	28.5	29.5	37.5	38.5
#132B43	30	38	-1	29.5	30.5	37.5	38.5
#132C44	31	38	-1	30.5	31.5	37.5	38.5
#132B43	32	38	-1	31.5	32.5	37.5	38.5
#142D45	34	38	-1	33.5	34.5	37.5	38.5
#132B43	36	38	-1	35.5	36.5	37.5	38.5
#132B43	37	38	-1	36.5	37.5	37.5	38.5
#132B43	38	38	-1	37.5	38.5	37.5	38.5
#142D45	40	38	-1	39.5	40.5	37.5	38.5
#132B43	42	38	-1	41.5	42.5	37.5	38.5
#132C44	44	38	-1	43.5	44.5	37.5	38.5
#132B43	33	39	-1	32.5	33.5	38.5	39.5
#132C44	35	39	-1	34.5	35.5	38.5	39.5
#132B43	37	39	-1	36.5	37.5	38.5	39.5
#132B43	32	40	-1	31.5	32.5	39.5	40.5
#132B43	34	40	-1	33.5	34.5	39.5	40.5
#132B43	40	40	-1	39.5	40.5	39.5	40.5
#132B43	47	40	-1	46.5	47.5	39.5	40.5
#132B43	32	41	-1	31.5	32.5	40.5	41.5
#132B43	34	41	-1	33.5	34.5	40.5	41.5
#132B43	40	41	-1	39.5	40.5	40.5	41.5
#132B43	35	42	-1	34.5	35.5	41.5	42.5
#132B43	42	42	-1	41.5	42.5	41.5	42.5
#132B43	43	42	-1	42.5	43.5	41.5	42.5
#132B43	37	43	-1	36.5	37.5	42.5	43.5
#132B43	30	47	-1	29.5	30.5	46.5	47.5
#142D46	10	10	-1	9.5	10.5	9.5	10.5
#132B43	28	17	-1	27.5	28.5	16.5	17.5
#132B43	30	18	-1	29.5	30.5	17.5	18.5
#132B43	33	18	-1	32.5	33.5	17.5	18.5
#132B43	35	18	-1	34.5	35.5	17.5	18.5
#132B43	28	19	-1	27.5	28.5	18.5	19.5
#132C44	31	19	-1	30.5	31.5	18.5	19.5
#132B43	32	19	-1	31.5	32.5	18.5	19.5
#132B43	36	19	-1	35.5	36.5	18.5	19.5
#132C44	22	20	-1	21.5	22.5	19.5	20.5
#132B43	25	20	-1	24.5	25.5	19.5	20.5
#132B43	31	20	-1	30.5	31.5	19.5	20.5
#132C44	32	20	-1	31.5	32.5	19.5	20.5
#132B43	34	20	-1	33.5	34.5	19.5	20.5
#132B43	35	20	-1	34.5	35.5	19.5	20.5
#132B43	37	20	-1	36.5	37.5	19.5	20.5
#132B43	25	21	-1	24.5	25.5	20.5	21.5
#132B43	26	21	-1	25.5	26.5	20.5	21.5
#132C44	28	21	-1	27.5	28.5	20.5	21.5
#132B43	29	21	-1	28.5	29.5	20.5	21.5
#142D45	30	21	-1	29.5	30.5	20.5	21.5
#132B43	31	21	-1	30.5	31.5	20.5	21.5
#132B43	33	21	-1	32.5	33.5	20.5	21.5
#132C44	34	21	-1	33.5	34.5	20.5	21.5
#132B43	35	21	-1	34.5	35.5	20.5	21.5
#132B43	36	21	-1	35.5	36.5	20.5	21.5
#132B43	41	21	-1	40.5	41.5	20.5	21.5
#132B43	14	22	-1	13.5	14.5	21.5	22.5
#132B43	22	22	-1	21.5	22.5	21.5	22.5
#132B43	24	22	-1	23.5	24.5	21.5	22.5
#152E47	28	22	-1	27.5	28.5	21.5	22.5
#132C44	29	22	-1	28.5	29.5	21.5	22.5
#152E47	30	22	-1	29.5	30.5	21.5	22.5
#152E47	32	22	-1	31.5	32.5	21.5	22.5
#142D46	33	22	-1	32.5	33.5	21.5	22.5
#152E47	34	22	-1	33.5	34.5	21.5	22.5
#132B43	36	22	-1	35.5	36.5	21.5	22.5
#142D45	37	22	-1	36.5	37.5	21.5	22.5
#132B43	38	22	-1	37.5	38.5	21.5	22.5
#132B43	39	22	-1	38.5	39.5	21.5	22.5
#132C44	40	22	-1	39.5	40.5	21.5	22.5
#132B43	21	23	-1	20.5	21.5	22.5	23.5
#132B43	22	23	-1	21.5	22.5	22.5	23.5
#142D45	24	23	-1	23.5	24.5	22.5	23.5
#132B43	26	23	-1	25.5	26.5	22.5	23.5
#152E47	27	23	-1	26.5	27.5	22.5	23.5
#152E47	28	23	-1	27.5	28.5	22.5	23.5
#153049	29	23	-1	28.5	29.5	22.5	23.5
#152F48	30	23	-1	29.5	30.5	22.5	23.5
#152F48	31	23	-1	30.5	31.5	22.5	23.5
#16314B	32	23	-1	31.5	32.5	22.5	23.5
#153049	33	23	-1	32.5	33.5	22.5	23.5
#16314B	34	23	-1	33.5	34.5	22.5	23.5
#152E47	35	23	-1	34.5	35.5	22.5	23.5
#132B43	36	23	-1	35.5	36.5	22.5	23.5
#132B43	37	23	-1	36.5	37.5	22.5	23.5
#132B43	38	23	-1	37.5	38.5	22.5	23.5
#132B43	41	23	-1	40.5	41.5	22.5	23.5
#132B43	21	24	-1	20.5	21.5	23.5	24.5
#142D45	22	24	-1	21.5	22.5	23.5	24.5
#142D46	23	24	-1	22.5	23.5	23.5	24.5
#132B43	24	24	-1	23.5	24.5	23.5	24.5
#142D45	25	24	-1	24.5	25.5	23.5	24.5
#132B43	26	24	-1	25.5	26.5	23.5	24.5
#142D46	27	24	-1	26.5	27.5	23.5	24.5
#152F48	28	24	-1	27.5	28.5	23.5	24.5
#153049	29	24	-1	28.5	29.5	23.5	24.5
#153049	30	24	-1	29.5	30.5	23.5	24.5
#1A3854	31	24	-1	30.5	31.5	23.5	24.5
#183550	32	24	-1	31.5	32.5	23.5	24.5
#17344F	33	24	-1	32.5	33.5	23.5	24.5
#152E47	34	24	-1	33.5	34.5	23.5	24.5
#152F48	35	24	-1	34.5	35.5	23.5	24.5
#16314C	36	24	-1	35.5	36.5	23.5	24.5
#142D45	37	24	-1	36.5	37.5	23.5	24.5
#142D45	38	24	-1	37.5	38.5	23.5	24.5
#132C44	39	24	-1	38.5	39.5	23.5	24.5
#132B43	42	24	-1	41.5	42.5	23.5	24.5
#132B43	20	25	-1	19.5	20.5	24.5	25.5
#142D45	22	25	-1	21.5	22.5	24.5	25.5
#152E47	24	25	-1	23.5	24.5	24.5	25.5
#142D46	25	25	-1	24.5	25.5	24.5	25.5
#16314C	26	25	-1	25.5	26.5	24.5	25.5
#153049	27	25	-1	26.5	27.5	24.5	25.5
#193753	28	25	-1	27.5	28.5	24.5	25.5
#17324D	29	25	-1	28.5	29.5	24.5	25.5
#1B3A58	30	25	-1	29.5	30.5	24.5	25.5
#1B3B59	31	25	-1	30.5	31.5	24.5	25.5
#1E4161	32	25	-1	31.5	32.5	24.5	25.5
#1B3A58	33	25	-1	32.5	33.5	24.5	25.5
#1A3854	34	25	-1	33.5	34.5	24.5	25.5
#1B3A58	35	25	-1	34.5	35.5	24.5	25.5
#153049	36	25	-1	35.5	36.5	24.5	25.5
#16314C	37	25	-1	36.5	37.5	24.5	25.5
#152F48	38	25	-1	37.5	38.5	24.5	25.5
#152E47	39	25	-1	38.5	39.5	24.5	25.5
#132B43	19	26	-1	18.5	19.5	25.5	26.5
#132B43	20	26	-1	19.5	20.5	25.5	26.5
#132B43	21	26	-1	20.5	21.5	25.5	26.5
#142D46	22	26	-1	21.5	22.5	25.5	26.5
#152F48	23	26	-1	22.5	23.5	25.5	26.5
#152E47	24	26	-1	23.5	24.5	25.5	26.5
#152E47	25	26	-1	24.5	25.5	25.5	26.5
#17334E	26	26	-1	25.5	26.5	25.5	26.5
#17324D	27	26	-1	26.5	27.5	25.5	26.5
#1B3B59	28	26	-1	27.5	28.5	25.5	26.5
#1F4464	29	26	-1	28.5	29.5	25.5	26.5
#204566	30	26	-1	29.5	30.5	25.5	26.5
#244C70	31	26	-1	30.5	31.5	25.5	26.5
#254F73	32	26	-1	31.5	32.5	25.5	26.5
#1C3D5B	33	26	-1	32.5	33.5	25.5	26.5
#22486A	34	26	-1	33.5	34.5	25.5	26.5
#214668	35	26	-1	34.5	35.5	25.5	26.5
#183550	36	26	-1	35.5	36.5	25.5	26.5
#183550	37	26	-1	36.5	37.5	25.5	26.5
#17334E	38	26	-1	37.5	38.5	25.5	26.5
#142D45	39	26	-1	38.5	39.5	25.5	26.5
#142D45	40	26	-1	39.5	40.5	25.5	26.5
#142D45	42	26	-1	41.5	42.5	25.5	26.5
#132B43	19	27	-1	18.5	19.5	26.5	27.5
#132B43	20	27	-1	19.5	20.5	26.5	27.5
#132C44	22	27	-1	21.5	22.5	26.5	27.5
#142D46	23	27	-1	22.5	23.5	26.5	27.5
#152E47	24	27	-1	23.5	24.5	26.5	27.5
#183550	25	27	-1	24.5	25.5	26.5	27.5
#1A3956	26	27	-1	25.5	26.5	26.5	27.5
#1D3F5F	27	27	-1	26.5	27.5	26.5	27.5
#1F4363	28	27	-1	27.5	28.5	26.5	27.5
#29567D	29	27	-1	28.5	29.5	26.5	27.5
#254E72	30	27	-1	29.5	30.5	26.5	27.5
#28547A	31	27	-1	30.5	31.5	26.5	27.5
#2E608A	32	27	-1	31.5	32.5	26.5	27.5
#2C5D86	33	27	-1	32.5	33.5	26.5	27.5
#244D71	34	27	-1	33.5	34.5	26.5	27.5
#204566	35	27	-1	34.5	35.5	26.5	27.5
#1B3A58	36	27	-1	35.5	36.5	26.5	27.5
#17344F	37	27	-1	36.5	37.5	26.5	27.5
#193652	38	27	-1	37.5	38.5	26.5	27.5
#16314C	39	27	-1	38.5	39.5	26.5	27.5
#152E47	40	27	-1	39.5	40.5	26.5	27.5
#132B43	41	27	-1	40.5	41.5	26.5	27.5
#132B43	42	27	-1	41.5	42.5	26.5	27.5
#132B43	18	28	-1	17.5	18.5	27.5	28.5
#132C44	19	28	-1	18.5	19.5	27.5	28.5
#132B43	20	28	-1	19.5	20.5	27.5	28.5
#132B43	21	28	-1	20.5	21.5	27.5	28.5
#153049	22	28	-1	21.5	22.5	27.5	28.5
#142D46	23	28	-1	22.5	23.5	27.5	28.5
#16314B	24	28	-1	23.5	24.5	27.5	28.5
#183551	25	28	-1	24.5	25.5	27.5	28.5
#1F4363	26	28	-1	25.5	26.5	27.5	28.5
#254E72	27	28	-1	26.5	27.5	27.5	28.5
#2D5E87	28	28	-1	27.5	28.5	27.5	28.5
#2E618B	29	28	-1	28.5	29.5	27.5	28.5
#3875A6	30	28	-1	29.5	30.5	27.5	28.5
#3C7CB0	31	28	-1	30.5	31.5	27.5	28.5
#356F9F	32	28	-1	31.5	32.5	27.5	28.5
#3773A4	33	28	-1	32.5	33.5	27.5	28.5
#2E608A	34	28	-1	33.5	34.5	27.5	28.5
#265176	35	28	-1	34.5	35.5	27.5	28.5
#1F4262	36	28	-1	35.5	36.5	27.5	28.5
#1C3C5A	37	28	-1	36.5	37.5	27.5	28.5
#1B3A58	38	28	-1	37.5	38.5	27.5	28.5
#16314C	39	28	-1	38.5	39.5	27.5	28.5
#153049	40	28	-1	39.5	40.5	27.5	28.5
#132C44	42	28	-1	41.5	42.5	27.5	28.5
#132B43	20	29	-1	19.5	20.5	28.5	29.5
#132C44	21	29	-1	20.5	21.5	28.5	29.5
#142D46	22	29	-1	21.5	22.5	28.5	29.5
#183550	23	29	-1	22.5	23.5	28.5	29.5
#193652	24	29	-1	23.5	24.5	28.5	29.5
#17344F	25	29	-1	24.5	25.5	28.5	29.5
#1F4262	26	29	-1	25.5	26.5	28.5	29.5
#234A6D	27	29	-1	26.5	27.5	28.5	29.5
#2F628E	28	29	-1	27.5	28.5	28.5	29.5
#3875A6	29	29	-1	28.5	29.5	28.5	29.5
#3E81B7	30	29	-1	29.5	30.5	28.5	29.5
#458EC9	31	29	-1	30.5	31.5	28.5	29.5
#4D9FDF	32	29	-1	31.5	32.5	28.5	29.5
#3874A5	33	29	-1	32.5	33.5	28.5	29.5
#3670A0	34	29	-1	33.5	34.5	28.5	29.5
#3671A1	35	29	-1	34.5	35.5	28.5	29.5
#214668	36	29	-1	35.5	36.5	28.5	29.5
#1C3C5A	37	29	-1	36.5	37.5	28.5	29.5
#1D3E5C	38	29	-1	37.5	38.5	28.5	29.5
#16314C	39	29	-1	38.5	39.5	28.5	29.5
#152F48	40	29	-1	39.5	40.5	28.5	29.5
#142D46	41	29	-1	40.5	41.5	28.5	29.5
#142D45	42	29	-1	41.5	42.5	28.5	29.5
#132C44	43	29	-1	42.5	43.5	28.5	29.5
#132B43	14	30	-1	13.5	14.5	29.5	30.5
#132C44	18	30	-1	17.5	18.5	29.5	30.5
#132B43	19	30	-1	18.5	19.5	29.5	30.5
#132B43	20	30	-1	19.5	20.5	29.5	30.5
#142D46	21	30	-1	20.5	21.5	29.5	30.5
#142D45	22	30	-1	21.5	22.5	29.5	30.5
#17324D	23	30	-1	22.5	23.5	29.5	30.5
#193753	24	30	-1	23.5	24.5	29.5	30.5
#1B3B59	25	30	-1	24.5	25.5	29.5	30.5
#28547A	26	30	-1	25.5	26.5	29.5	30.5
#2A5981	27	30	-1	26.5	27.5	29.5	30.5
#3D7EB3	28	30	-1	27.5	28.5	29.5	30.5
#3C7CB0	29	30	-1	28.5	29.5	29.5	30.5
#4FA3E4	30	30	-1	29.5	30.5	29.5	30.5
#56B1F7	31	30	-1	30.5	31.5	29.5	30.5
#51A7EA	32	30	-1	31.5	32.5	29.5	30.5
#4894D0	33	30	-1	32.5	33.5	29.5	30.5
#4793CF	34	30	-1	33.5	34.5	29.5	30.5
#3772A2	35	30	-1	34.5	35.5	29.5	30.5
#2C5D86	36	30	-1	35.5	36.5	29.5	30.5
#275379	37	30	-1	36.5	37.5	29.5	30.5
#1F4262	38	30	-1	37.5	38.5	29.5	30.5
#17324D	39	30	-1	38.5	39.5	29.5	30.5
#17334E	40	30	-1	39.5	40.5	29.5	30.5
#142D46	41	30	-1	40.5	41.5	29.5	30.5
#152E47	42	30	-1	41.5	42.5	29.5	30.5
#132B43	43	30	-1	42.5	43.5	29.5	30.5
#132C44	44	30	-1	43.5	44.5	29.5	30.5
#132C44	45	30	-1	44.5	45.5	29.5	30.5
#132B43	19	31	-1	18.5	19.5	30.5	31.5
#132B43	21	31	-1	20.5	21.5	30.5	31.5
#153049	22	31	-1	21.5	22.5	30.5	31.5
#152F48	23	31	-1	22.5	23.5	30.5	31.5
#17324D	24	31	-1	23.5	24.5	30.5	31.5
#1C3C5A	25	31	-1	24.5	25.5	30.5	31.5
#1F4464	26	31	-1	25.5	26.5	30.5	31.5
#265177	27	31	-1	26.5	27.5	30.5	31.5
#346C9B	28	31	-1	27.5	28.5	30.5	31.5
#3F82B8	29	31	-1	28.5	29.5	30.5	31.5
#4895D2	30	31	-1	29.5	30.5	30.5	31.5
#4691CD	31	31	-1	30.5	31.5	30.5	31.5
#4A98D6	32	31	-1	31.5	32.5	30.5	31.5
#4B9BDA	33	31	-1	32.5	33.5	30.5	31.5
#3A79AD	34	31	-1	33.5	34.5	30.5	31.5
#316692	35	31	-1	34.5	35.5	30.5	31.5
#28557C	36	31	-1	35.5	36.5	30.5	31.5
#1F4464	37	31	-1	36.5	37.5	30.5	31.5
#1D3F5F	38	31	-1	37.5	38.5	30.5	31.5
#183551	39	31	-1	38.5	39.5	30.5	31.5
#153049	40	31	-1	39.5	40.5	30.5	31.5
#142D45	41	31	-1	40.5	41.5	30.5	31.5
#132C44	42	31	-1	41.5	42.5	30.5	31.5
#142D45	43	31	-1	42.5	43.5	30.5	31.5
#132C44	20	32	-1	19.5	20.5	31.5	32.5
#132C44	21	32	-1	20.5	21.5	31.5	32.5
#152F48	22	32	-1	21.5	22.5	31.5	32.5
#132C44	23	32	-1	22.5	23.5	31.5	32.5
#153049	24	32	-1	23.5	24.5	31.5	32.5
#16314C	25	32	-1	24.5	25.5	31.5	32.5
#1B3B59	26	32	-1	25.5	26.5	31.5	32.5
#244D71	27	32	-1	26.5	27.5	31.5	32.5
#2B5B84	28	32	-1	27.5	28.5	31.5	32.5
#3773A4	29	32	-1	28.5	29.5	31.5	32.5
#4084BA	30	32	-1	29.5	30.5	31.5	32.5
#438BC3	31	32	-1	30.5	31.5	31.5	32.5
#4D9EDE	32	32	-1	31.5	32.5	31.5	32.5
#4792CE	33	32	-1	32.5	33.5	31.5	32.5
#3C7DB2	34	32	-1	33.5	34.5	31.5	32.5
#2D5E87	35	32	-1	34.5	35.5	31.5	32.5
#28547A	36	32	-1	35.5	36.5	31.5	32.5
#22496B	37	32	-1	36.5	37.5	31.5	32.5
#1B3A58	38	32	-1	37.5	38.5	31.5	32.5
#142D46	39	32	-1	38.5	39.5	31.5	32.5
#142D46	40	32	-1	39.5	40.5	31.5	32.5
#16314B	41	32	-1	40.5	41.5	31.5	32.5
#132B43	44	32	-1	43.5	44.5	31.5	32.5
#132B43	19	33	-1	18.5	19.5	32.5	33.5
#132C44	22	33	-1	21.5	22.5	32.5	33.5
#142D46	23	33	-1	22.5	23.5	32.5	33.5
#16314C	24	33	-1	23.5	24.5	32.5	33.5
#17344F	25	33	-1	24.5	25.5	32.5	33.5
#1D3E5C	26	33	-1	25.5	26.5	32.5	33.5
#1F4262	27	33	-1	26.5	27.5	32.5	33.5
#2A587F	28	33	-1	27.5	28.5	32.5	33.5
#2B5B84	29	33	-1	28.5	29.5	32.5	33.5
#316692	30	33	-1	29.5	30.5	32.5	33.5
#4691CD	31	33	-1	30.5	31.5	32.5	33.5
#3C7CB0	32	33	-1	31.5	32.5	32.5	33.5
#316692	33	33	-1	32.5	33.5	32.5	33.5
#3772A2	34	33	-1	33.5	34.5	32.5	33.5
#234B6F	35	33	-1	34.5	35.5	32.5	33.5
#265177	36	33	-1	35.5	36.5	32.5	33.5
#22486A	37	33	-1	36.5	37.5	32.5	33.5
#17344F	38	33	-1	37.5	38.5	32.5	33.5
#153049	39	33	-1	38.5	39.5	32.5	33.5
#16314B	40	33	-1	39.5	40.5	32.5	33.5
#132C44	41	33	-1	40.5	41.5	32.5	33.5
#142D46	42	33	-1	41.5	42.5	32.5	33.5
#132B43	18	34	-1	17.5	18.5	33.5	34.5
#132B43	20	34	-1	19.5	20.5	33.5	34.5
#142D45	22	34	-1	21.5	22.5	33.5	34.5
#132C44	23	34	-1	22.5	23.5	33.5	34.5
#153049	24	34	-1	23.5	24.5	33.5	34.5
#153049	25	34	-1	24.5	25.5	33.5	34.5
#193753	26	34	-1	25.5	26.5	33.5	34.5
#183551	27	34	-1	26.5	27.5	33.5	34.5
#204465	28	34	-1	27.5	28.5	33.5	34.5
#265074	29	34	-1	28.5	29.5	33.5	34.5
#2E608A	30	34	-1	29.5	30.5	33.5	34.5
#2D5F89	31	34	-1	30.5	31.5	33.5	34.5
#3874A5	32	34	-1	31.5	32.5	33.5	34.5
#2E618C	33	34	-1	32.5	33.5	33.5	34.5
#2A5981	34	34	-1	33.5	34.5	33.5	34.5
#22486A	35	34	-1	34.5	35.5	33.5	34.5
#204465	36	34	-1	35.5	36.5	33.5	34.5
#1E4060	37	34	-1	36.5	37.5	33.5	34.5
#183550	38	34	-1	37.5	38.5	33.5	34.5
#183551	39	34	-1	38.5	39.5	33.5	34.5
#152F48	40	34	-1	39.5	40.5	33.5	34.5
#142D46	41	34	-1	40.5	41.5	33.5	34.5
#132B43	42	34	-1	41.5	42.5	33.5	34.5
#132C44	43	34	-1	42.5	43.5	33.5	34.5
#132B43	44	34	-1	43.5	44.5	33.5	34.5
#132B43	45	34	-1	44.5	45.5	33.5	34.5
#132B43	17	35	-1	16.5	17.5	34.5	35.5
#132C44	22	35	-1	21.5	22.5	34.5	35.5
#142D45	23	35	-1	22.5	23.5	34.5	35.5
#152E47	24	35	-1	23.5	24.5	34.5	35.5
#132C44	25	35	-1	24.5	25.5	34.5	35.5
#17324D	26	35	-1	25.5	26.5	34.5	35.5
#193753	27	35	-1	26.5	27.5	34.5	35.5
#193753	28	35	-1	27.5	28.5	34.5	35.5
#1D3F5F	29	35	-1	28.5	29.5	34.5	35.5
#1E4060	30	35	-1	29.5	30.5	34.5	35.5
#1F4464	31	35	-1	30.5	31.5	34.5	35.5
#234B6F	32	35	-1	31.5	32.5	34.5	35.5
#2A5980	33	35	-1	32.5	33.5	34.5	35.5
#214769	34	35	-1	33.5	34.5	34.5	35.5
#1D3F5D	35	35	-1	34.5	35.5	34.5	35.5
#1A3956	36	35	-1	35.5	36.5	34.5	35.5
#1C3D5B	37	35	-1	36.5	37.5	34.5	35.5
#193652	38	35	-1	37.5	38.5	34.5	35.5
#153049	39	35	-1	38.5	39.5	34.5	35.5
#153049	40	35	-1	39.5	40.5	34.5	35.5
#132B43	41	35	-1	40.5	41.5	34.5	35.5
#132B43	42	35	-1	41.5	42.5	34.5	35.5
#142D45	23	36	-1	22.5	23.5	35.5	36.5
#132C44	24	36	-1	23.5	24.5	35.5	36.5
#132C44	25	36	-1	24.5	25.5	35.5	36.5
#153049	26	36	-1	25.5	26.5	35.5	36.5
#16314C	27	36	-1	26.5	27.5	35.5	36.5
#16314C	28	36	-1	27.5	28.5	35.5	36.5
#17344F	29	36	-1	28.5	29.5	35.5	36.5
#1E4060	30	36	-1	29.5	30.5	35.5	36.5
#1F4464	31	36	-1	30.5	31.5	35.5	36.5
#1F4363	32	36	-1	31.5	32.5	35.5	36.5
#1A3A57	33	36	-1	32.5	33.5	35.5	36.5
#1A3956	34	36	-1	33.5	34.5	35.5	36.5
#1A3854	35	36	-1	34.5	35.5	35.5	36.5
#193753	36	36	-1	35.5	36.5	35.5	36.5
#16314C	37	36	-1	36.5	37.5	35.5	36.5
#183551	38	36	-1	37.5	38.5	35.5	36.5
#153049	39	36	-1	38.5	39.5	35.5	36.5
#152E47	40	36	-1	39.5	40.5	35.5	36.5
#142D45	41	36	-1	40.5	41.5	35.5	36.5
#142D46	42	36	-1	41.5	42.5	35.5	36.5
#132B43	43	36	-1	42.5	43.5	35.5	36.5
#132B43	44	36	-1	43.5	44.5	35.5	36.5
#132C44	46	36	-1	45.5	46.5	35.5	36.5
#132B43	23	37	-1	22.5	23.5	36.5	37.5
#132C44	24	37	-1	23.5	24.5	36.5	37.5
#132C44	25	37	-1	24.5	25.5	36.5	37.5
#153049	27	37	-1	26.5	27.5	36.5	37.5
#152F48	28	37	-1	27.5	28.5	36.5	37.5
#16314B	29	37	-1	28.5	29.5	36.5	37.5
#1A3854	30	37	-1	29.5	30.5	36.5	37.5
#193652	31	37	-1	30.5	31.5	36.5	37.5
#183551	32	37	-1	31.5	32.5	36.5	37.5
#1C3D5B	33	37	-1	32.5	33.5	36.5	37.5
#1B3B59	34	37	-1	33.5	34.5	36.5	37.5
#17324D	35	37	-1	34.5	35.5	36.5	37.5
#152E47	36	37	-1	35.5	36.5	36.5	37.5
#16314C	37	37	-1	36.5	37.5	36.5	37.5
#153049	38	37	-1	37.5	38.5	36.5	37.5
#132C44	39	37	-1	38.5	39.5	36.5	37.5
#142D46	40	37	-1	39.5	40.5	36.5	37.5
#132B43	42	37	-1	41.5	42.5	36.5	37.5
#132B43	43	37	-1	42.5	43.5	36.5	37.5
#132B43	44	37	-1	43.5	44.5	36.5	37.5
#132B43	21	38	-1	20.5	21.5	37.5	38.5
#132B43	22	38	-1	21.5	22.5	37.5	38.5
#132B43	24	38	-1	23.5	24.5	37.5	38.5
#142D45	26	38	-1	25.5	26.5	37.5	38.5
#132C44	27	38	-1	26.5	27.5	37.5	38.5
#142D46	28	38	-1	27.5	28.5	37.5	38.5
#153049	29	38	-1	28.5	29.5	37.5	38.5
#153049	30	38	-1	29.5	30.5	37.5	38.5
#142D46	31	38	-1	30.5	31.5	37.5	38.5
#1A3854	32	38	-1	31.5	32.5	37.5	38.5
#153049	33	38	-1	32.5	33.5	37.5	38.5
#183551	34	38	-1	33.5	34.5	37.5	38.5
#142D45	35	38	-1	34.5	35.5	37.5	38.5
#152F48	36	38	-1	35.5	36.5	37.5	38.5
#152F48	37	38	-1	36.5	37.5	37.5	38.5
#152E47	38	38	-1	37.5	38.5	37.5	38.5
#132B43	39	38	-1	38.5	39.5	37.5	38.5
#132C44	40	38	-1	39.5	40.5	37.5	38.5
#132B43	41	38	-1	40.5	41.5	37.5	38.5
#132B43	42	38	-1	41.5	42.5	37.5	38.5
#132B43	22	39	-1	21.5	22.5	38.5	39.5
#132B43	23	39	-1	22.5	23.5	38.5	39.5
#132C44	26	39	-1	25.5	26.5	38.5	39.5
#132B43	28	39	-1	27.5	28.5	38.5	39.5
#142D46	29	39	-1	28.5	29.5	38.5	39.5
#142D45	30	39	-1	29.5	30.5	38.5	39.5
#152F48	31	39	-1	30.5	31.5	38.5	39.5
#152E47	32	39	-1	31.5	32.5	38.5	39.5
#16314C	33	39	-1	32.5	33.5	38.5	39.5
#16314B	34	39	-1	33.5	34.5	38.5	39.5
#142D45	35	39	-1	34.5	35.5	38.5	39.5
#16314B	36	39	-1	35.5	36.5	38.5	39.5
#152E47	37	39	-1	36.5	37.5	38.5	39.5
#142D45	38	39	-1	37.5	38.5	38.5	39.5
#142D45	39	39	-1	38.5	39.5	38.5	39.5
#132B43	41	39	-1	40.5	41.5	38.5	39.5
#132C44	42	39	-1	41.5	42.5	38.5	39.5
#132C44	44	39	-1	43.5	44.5	38.5	39.5
#132B43	22	40	-1	21.5	22.5	39.5	40.5
#132C44	27	40	-1	26.5	27.5	39.5	40.5
#132B43	28	40	-1	27.5	28.5	39.5	40.5
#132C44	30	40	-1	29.5	30.5	39.5	40.5
#132C44	31	40	-1	30.5	31.5	39.5	40.5
#142D46	32	40	-1	31.5	32.5	39.5	40.5
#132B43	33	40	-1	32.5	33.5	39.5	40.5
#132C44	34	40	-1	33.5	34.5	39.5	40.5
#132B43	35	40	-1	34.5	35.5	39.5	40.5
#132B43	36	40	-1	35.5	36.5	39.5	40.5
#142D45	37	40	-1	36.5	37.5	39.5	40.5
#132B43	39	40	-1	38.5	39.5	39.5	40.5
#132B43	42	40	-1	41.5	42.5	39.5	40.5
#132B43	44	40	-1	43.5	44.5	39.5	40.5
#132B43	46	40	-1	45.5	46.5	39.5	40.5
#142D45	29	41	-1	28.5	29.5	40.5	41.5
#132B43	31	41	-1	30.5	31.5	40.5	41.5
#132B43	32	41	-1	31.5	32.5	40.5	41.5
#142D46	34	41	-1	33.5	34.5	40.5	41.5
#132B43	35	41	-1	34.5	35.5	40.5	41.5
#132C44	36	41	-1	35.5	36.5	40.5	41.5
#132C44	38	41	-1	37.5	38.5	40.5	41.5
#132B43	42	41	-1	41.5	42.5	40.5	41.5
#132B43	24	42	-1	23.5	24.5	41.5	42.5
#132C44	28	42	-1	27.5	28.5	41.5	42.5
#132B43	30	42	-1	29.5	30.5	41.5	42.5
#132B43	32	42	-1	31.5	32.5	41.5	42.5
#152E47	34	42	-1	33.5	34.5	41.5	42.5
#132B43	40	42	-1	39.5	40.5	41.5	42.5
#132C44	42	42	-1	41.5	42.5	41.5	42.5
#132B43	44	42	-1	43.5	44.5	41.5	42.5
#132B43	26	43	-1	25.5	26.5	42.5	43.5
#132B43	28	43	-1	27.5	28.5	42.5	43.5
#132B43	29	43	-1	28.5	29.5	42.5	43.5
#132B43	31	43	-1	30.5	31.5	42.5	43.5
#132B43	36	43	-1	35.5	36.5	42.5	43.5
#132B43	32	44	-1	31.5	32.5	43.5	44.5
#132B43	33	45	-1	32.5	33.5	44.5	45.5
#132B43	37	45	-1	36.5	37.5	44.5	45.5
#132B43	45	46	-1	44.5	45.5	45.5	46.5
#132B43	30	48	-1	29.5	30.5	47.5	48.5
#142D46	50	50	-1	49.5	50.5	49.5	50.5
